 Site,Site_abbreviation,Latitude,Longitude,Accuracy,Country,Region,RFZ,Biome,ESA,MSA,LSA,GenMSA,GenLSA,Oldowan,Acheulean,Fauresmith,EarlyMSA,PreSB_MIS5,SB,HP,PostHP,LateMSA,FinalMSA,EarlyLSA,Robberg,Oakhurst,Wilton,FinalLSA,CeramicLSA,Context,Open_context,Site_type,References,SALSA,ROADt,SARD,Dating,Ages_ka,
/hei-/khomas (Vaalkrans),HKO,-28.57189,17.06674,2,South Africa,Northern Cape,S,Succulent Karoo,,,LSA,,,,,,,,,,,,,,,,,,Ceramic LSA,Open,Excavated,Surface/subsurface,Webley 2001,ceramic LSA,,C14,,"C14cal: 1.9, 0.4-0.1",
#hing-#hais,HIH,-23.65819,15.23888,3,Namibia,Erongo,S,Desert,,,LSA*,,,,,,,,,,,,,,,Oakhurst,,,,Open,Surface,Dune,Shackley 1984,,,,C14,C14cal: 9.6-9.1,
Aar 1,AA1,-26.77299,16.48881,2,Namibia,||Karas,S,Savanna,,MSA,LSA*,,genLSA,,,,,,,HP,,,,,,,,,,Shelter,,,Wendt 1972; Thackeray 1979; Vogelsang 1998,,"typology, technology, raw material, miscellaneous finds, symbolic artifacts",,undated,,
Aar 2,AA2,-26.72819,16.46832,2,Namibia,||Karas,S,Savanna,,MSA,LSA*,genMSA,,,,,,,,,,,,,,,Wilton,,,Shelter,,,Vogel & Visser 1981; Vogelsang 1998,,,,C14,C14cal: 7.9-7.6 (microlithic LSA),
Abrahamskraal,ABR,-28.90097,25.67168,2,South Africa,Free State,S,Grassland,,MSA,,,,,,,,,preHP?,,,,,,,,,,,Open,Surface,Donga,Monteagudo et al. 2025,,,,undated,,
Adullam,ADU,-28.56759,28.45397,3,South Africa,Free State,S,Grassland,,,LSA*,,,,,,,,,,,,,,,Oakhurst,,,Ceramic LSA,Shelter,,,Wadley & Laue 2000,,,,undated,,
AK2006/001G,AK1G,-29.64022,17.06737,1,South Africa,Northern Cape,W,Succulent Karoo,,,LSA*,,,,,,,,,,,,,,Robberg,,,,,Open,Surface,Lag gravel,Orton 2008,,,,undated,,
Alexandersfontein,ALE,-28.87224,24.79958,1,South Africa,Free State,S,Savanna,,MSA,,,,,,,,,,,,,MIS3 MSA,,,,,,,Open,Surface,Pan,Butzer et al. 1973; Carr et al. 2023,,"raw material, technology, typology",,"OSL, C14","OSL: 41±3 (Mauritzfontein), 29±2 (Donga); C14: 32.3±0.7, 25.7±0.7 (Donga)",
Alfred County Cave,ACC,-30.58333,29.88333,4,South Africa,KwaZulu-Natal,S,Savanna,,MSA,LSA*,,,,,,,,,HP,,,,,,Oakhurst,Wilton,,,Shelter,,,Mitchell 1998; Mitchell 2002,,,,undated,,
Amanzi Springs,AMA,-33.72415,25.50956,1,South Africa,Eastern Cape,Y,Albany Thicket,ESA,,,,,,Acheulean,,,,,,,,,,,,,,,Open,Excavated,Spring,Inskeep 1963; Deacon 1970; Herries et al. 2022; Herries et al. 2023,late Acheuelan,"typology, technology, raw material",,TT-OSL," TT-OSL: 403.9±23.4, 398.7±31.6",
Andriesgrond (CAR5),AND,-32.19450,18.86747,1,South Africa,Western Cape,W,Fynbos,,MSA,LSA*,genMSA,,,,,,,,,,,,,,Oakhurst,Wilton,Final LSA,Ceramic LSA,Shelter,,,Parkington 1980; Parkington & Hall 1987; Anderson 1991; Hallinan 2013,,,,C14,"C14cal: 11.7-11.2, 4.2 (burial)",
Ann Shaw,ANN,-32.87618,26.89791,3,South Africa,Eastern Cape,Y,Savanna,,,LSA*,,,,,,,,,,,,,,,,Wilton,,,Shelter,,,Derricourt 1977,,,,C14,C14cal: 5.9-5.6,
Anyskop,ANY,-32.96818,18.11562,1,South Africa,Western Cape,W,Fynbos,ESA,MSA,,,,,Acheulean,,,,,HP,,,,,,,,,,Open,Surface,Dunefield,Dietl et al. 2005; Kandel & Conard 2012; Kandel & Conard 2023a,,"raw material, typology, technology",,undated,,
Apollo 11,A11,-27.69894,17.12785,1,Namibia,||Karas,S,Nama-Karoo,,MSA,LSA*,,,,,,Early MSA,MIS5 MSA,preHP,HP,postHP,Late MSA,,Early LSA,LP LSA,,Wilton,Final LSA,Ceramic LSA,Shelter,,,Wendt 1976; Freundlich et al. 1980; Vogelsang et al. 2010; Ossendorf 2017a; Ossendorf & Vogelsang 2023,"SB, HP, late MSA III, late MSA II, late MSA I, Robberg","symbolic artifacts, organic tools, technology, typology, function, miscellaneous finds, feature, raw material",C14,"OSL, AMS C14","OSL: 70.2±2.6; 66.9±2.6 (preHP); 63.2±2.3 (HP); 57.9±2.6, 57.0±2.7 (pHP); 42.9±2.7 (Late MSA III); AMS C14: 45.8-41.2 (Late MSA III); 39.5-35.4 (Late MSA II); 33.8-25.2 (Late MSA I); OSL: 29.4±1.4 (Late MSA I); OSL: 30.1±1.6, 27.6±1.3, 22.6±1.3 (ELSAII/Late MSA I); AMS C14: 20.4-24.2 (LP-LSA II), 17.9-14.1 (LP-LSA I); C14cal: 12.5-6.8 (C - microlithic LSA), 1.9-1.3 (B - final LSA)",
Appelboskraal,ABK,-32.04811,19.36039,1,South Africa,Western Cape,W,Succulent Karoo,,MSA,LSA*,genMSA,,,,,,,,,,,,,Robberg,,,,,Open,Surface,River terrace,Mackay et al. 2014,,,,undated,,
Arbeidsvreugd (Bitterputs),ARB,-29.76635,21.25610,2,South Africa,Northern Cape,S,Nama-Karoo,,,LSA,,,,,,,,,,,,,,,,,,Swartkop?,Open,Excavated,Surface/subsurface,Beaumont & Vogel 1989; Beaumont et al. 1995; Deacon 1996; de Prader-Samper 2017,,,C14,,C14cal: 0.5,
Arrisdrift,ARS,-28.46700,16.68333,4,Namibia,||Karas,S,Succulent Karoo,,,LSA,,,,,,,,,,,,,,,,,,Ceramic LSA,Open,Surface,Dune,Vogel et al. 1981,,,C14,,C14cal: 1.4-1.1,
Aspoort,ASP,-32.54314,19.53817,2,South Africa,Northern Cape,W,Succulent Karoo,,,LSA*,,,,,,,,,,,,,,,Oakhurst,Wilton,,Ceramic LSA,Shelter,,,Smith & Ripp 1978; Parkington & Hall 1987,,,C14,,"C14cal: 10.7, 7.7-6.0. 0.6",
Atmar Farm,ATM,-33.46707,25.52799,1,South Africa,Eastern Cape,Y,Albany Thicket,ESA,,,,,,Acheulean,,,,,,,,,,,,,,,Open,Excavated,River terrace,Erlanger et al. 2012; Lotter & Kuman 2018a; Lotter 2023,Acheulean,,,CN,CN: 0.65±0.12 Ma,
Baboon Point Terrace,BAB,-32.31700,18.31639,2,South Africa,Western Cape,W,Fynbos,,,LSA,,,,,,,,,,,,,,,,,,Ceramic LSA,Shelter,,,Jerardino 2012; Jerardino et al. 2014,,,,C14,C14cal: 1.4-1.3,
Baden-Baden,BAD,-28.57377,25.83078,1,South Africa,Free State,S,Grassland,,,LSA*,,,,,,,,,,,,,,,Lockshoek,,,,Open,Excavated,Spring,van Aardt et al. 2016,,,,C14,"C14: 6.6-6.1 (Central Block, Unit 8)",
Badfontein (Van der Elst Donga),BAF,-26.69796,28.07678,1,South Africa,Gauteng,S,Grassland,ESA,MSA,LSA,genMSA,,,,Fauresmith,,,,,,,,,,,,,Ceramic LSA,Open,Surface,Donga,van Riet Lowe & van der Elst 1949; van der Elst 1950; Underhill 2012,,,,undated,,
Balerno Main Shelter,BAL,-22.26605,29.18831,1,South Africa,Limpopo,S,Savanna,,,LSA*,,,,,,,,,,,,,,,Oakhurst?,Wilton,Final LSA,Ceramic LSA,Shelter,,,Van Doornum 2008; Forssman 2013; Guillemard & Porraz 2019,"final LSA, ceramic LSA",,C14,,"C14cal: 12.9, 8.1, 2.1, 1.2-0.4",
Balerno Shelter 3,BA3,-22.29119,29.19689,2,South Africa,Limpopo,S,Savanna,,,LSA*,,,,,,,,,,,,,,,,,Final LSA,,Shelter,,,Forssman 2013; Van Doornum 2014,,,C14,,C14cal: 2.2-1.5,
Banda,BAN,-26.19110,31.03159,2,Eswatini,Hhohho,S,Grassland,,,LSA*,,,,,,,,,,,,,,,,Wilton,,,Shelter,,,Dart & Beaumont 1968;  Stuiver 1969; Deacon 1974,,,C14,,C14cal: 6.7,
Barberspan,BAR,-26.57301,25.55252,1,South Africa,North West,S,Grassland,ESA,MSA,,genMSA,,,Acheulean,,,,,,,,,,,,,,,Open,Surface,Pan,Caruana et al. 2020,MSA,,,US,U-Th: 43.2±5 (MSA travertines),
Belleview,BEL,-29.99722,29.04028,2,South Africa,KwaZulu-Natal,S,Grassland,,,LSA*,,,,,,,,,,,,,,,Oakhurst?,,Final LSA,Ceramic LSA,Shelter,,,Carter & Vogel 1974; Vogel et al. 1986,,,C14,,"C14cal: 8.4-3.3 (L5), 2.6-2.3 (L3), 1.4 (L2), 0.9 (L1)",
Bernol Farm,BER,-33.47548,25.60703,1,South Africa,Eastern Cape,Y,Albany Thicket,ESA,,,,,,Acheulean,,,,,,,,,,,,,,,Open,Excavated,River terrace,Erlanger et al. 2012; Lotter & Kuman 2018a,Acheulean,,,CN,CN: 1.14±0.20 Ma,
Bestwood 1,BEW,-27.68279,23.09143,1,South Africa,Northern Cape,S,Savanna,ESA,,,,,,,Fauresmith,,,,,,,,,,,,,,Open,Excavated,Sand/gravels,Walker et al. 2012; Papadimitrios et al. 2019; Richard et al. 2022,Fauresmith,"typology, technology",,TT-OSL,"TT-OSL: 366±22 (Fauresmith); 350±22, 226±13 (sand overlying Fauresmith)",
Bethelsklip,BTK,-30.37566,17.83659,1,South Africa,Northern Cape,W,Succulent Karoo,,,LSA,,,,,,,,,,,,,,,,,,Ceramic LSA,Open,Excavated,Surface/subsurface,Webley 1986; Webley 1992,,,C14,,"C14cal: 0.4, 0.7",
Biesiesput 1,BIS,-28.80987,24.50280,1,South Africa,Northern Cape,S,Savanna,,MSA,LSA*,,genLSA,,,,Early MSA,,,,,,,,,,,,,Open,Excavated,Sand/gravels,Beaumont & Morris 1990,,,,undated,,
Biesje Poort 2,BP2,-28.43389,20.55306,1,South Africa,Northern Cape,S,Nama-Karoo,,,LSA,,,,,,,,,,,,,,,,,,Doornfontein,Open,Surface/excavated,Sand,Beaumont et al. 1995; Parsons 2000; Parsons 2008,ceramic LSA,,C14,,C14cal: 2.0-0.8,
Biesjesfontein 1,BF1,-31.46700,23.21667,3,South Africa,Northern Cape,S,Nama-Karoo,,,LSA,,,,,,,,,,,,,,,,,,Smithfield,Open,Excavated,Stone circle,Beaumont & Vogel 1984,,,C14,,C14cal: 0.4,
Big Elephant Shelter (Great Elephant),BES,-21.70000,15.67000,4,Namibia,Erongo,S,Savanna,,,LSA*,,,,,,,,,,,,,,,,,Final LSA,,Shelter,,,Wadley 1979; Vogel & Visser 1981; Wadley 2012,final LSA,,C14,,C14cal: 3.1-0.9,
Blinkklipkop,BKK,-28.30236,23.11645,1,South Africa,Northern Cape,S,Savanna,,,LSA,,,,,,,,,,,,,,,,,,Ceramic LSA,Open,Excavated,Ochre mine,Thackeray et al. 1983,ceramic LSA,,C14,,C14cal: 1.0-0.1,
Bloeddrift 23,BLD,-28.35211,16.80766,1,South Africa,Northern Cape,W,Succulent Karoo,,,LSA,,,,,,,,,,,,,,,,,,Ceramic LSA,Open,Surface,River terrace,Smith et al. 2001,ceramic LSA,,C14,,C14cal: 0.4,
Blombos Cave,BBC,-34.41444,21.22250,1,South Africa,Western Cape,Y,Fynbos,,MSA,LSA,,,,,,,preSB,SB,,,,,,,,,,Ceramic LSA,Shelter,,,Henshilwood 1996; Henshilwood et al. 2001; Henshilwood 2008; Jacobs et al. 2013; Jacobs et al. 2020,"MSA, preSB, SB, ceramic LSA","raw material, typology, organic tools, technology, miscellaneous finds, symbolic artifacts, feature",C14,OSL,OSL: 110.2±4.8-100.3±7.6 (preM3/preSB); 108.7±11.8-83.4±3.8 (77.4±6.5) (M3/preSB); 85.5±4.3-71.0±4 (M2 Lower/preSB); 77.5±3.8-69.0±4.0 (M2 Upper/SB); 75.1±3.2-67.8±4.2 (M1/SB),
Blombosch Sands,BBS,-34.38881,21.20142,4,South Africa,Western Cape,Y,Fynbos,,MSA,,,,,,,,,SB,,,,,,,,,,,Open,Surface,Dunefield,Heese 1933; Minichillo 2005,,,,undated,,
Blombosfontein 1,BBF1,-34.40886,21.21285,1,South Africa,Western Cape,Y,Fynbos,,,LSA*,,,,,,,,,,,,,,,,Wilton,,,Open,Excavated,Shell midden,Henshilwood 2008,Wilton,,C14,,C14cal: 7.8,
Blombosfontein 2,BBF2,-34.40963,21.23383,1,South Africa,Western Cape,Y,Fynbos,,,LSA*,,,,,,,,,,,,,,,,Wilton,,,Open,Excavated,Shell midden,Henshilwood 2008,Wilton,,C14,,C14cal: 7.6,
Blombosfontein 3,BBF3,-34.41325,21.23407,1,South Africa,Western Cape,Y,Fynbos,,,LSA*,,,,,,,,,,,,,,,,Wilton,,,Open,Excavated,Shell midden,Henshilwood 2008,Wilton,,C14,,C14cal: 6.8,
Blombosfontein 4,BBF4,-34.41145,21.23918,1,South Africa,Western Cape,Y,Fynbos,,,LSA*,,,,,,,,,,,,,,,,Wilton,,,Open,Excavated,Shell midden,Henshilwood 2008,Wilton,,C14,,C14cal: 6.4,
Blombosfontein 5,BBF5,-34.41029,21.23692,1,South Africa,Western Cape,Y,Fynbos,,,LSA*,,,,,,,,,,,,,,,,Wilton,,,Open,Excavated,Shell midden,Henshilwood 2008,Wilton,,C14,,C14cal: 6.3,
Blombosfontein 6,BBF6,-34.41521,21.22006,1,South Africa,Western Cape,Y,Fynbos,,,LSA*,,,,,,,,,,,,,,,,Wilton,,,Open,Excavated,Shell midden,Henshilwood 2008,Wilton,,C14,,"C14cal: 4.5, 3.9",
Blombosfontein 7,BBF7,-34.40756,21.21163,1,South Africa,Western Cape,Y,Fynbos,,,LSA*,,,,,,,,,,,,,,,,,Final LSA,,Open,Excavated,Shell midden,Henshilwood 2008,Wilton,,C14,,C14cal: 3.3,
Blombosfontein 9,BBF9,-34.41433,21.21950,1,South Africa,Western Cape,Y,Fynbos,,,LSA,,,,,,,,,,,,,,,,,,Ceramic LSA,Open,Excavated,Shell midden,Henshilwood 2008,Wilton,,C14,,"C14cal: 0.8, 0.5",
Bloubos 5 ,BLB5,-28.14717,20.81000,1,South Africa,Northern Cape,S,Nama-Karoo,,,LSA,,,,,,,,,,,,,,,,,,Doornfontein,Open,Surface,Pan,Parsons 2000,,,C14,,C14cal: 1.7,
Bloubos 7,BLB7,-28.07082,20.86548,1,South Africa,Northern Cape,S,Nama-Karoo,,,LSA*,,,,,,,,,,,,,,,,,Final LSA,,Open,Excavated,Stone circle,Parsons 2000,,,C14,,"C14cal: 2.3, 0.4",
Blydefontein,BLY,-31.14918,25.06661,1,South Africa,Northern Cape,S,Grassland,,,LSA*,,,,,,,,,,,,,,Robberg,Lockshoek,Wilton,,Ceramic LSA,Shelter,,,Bousman 1991; Bronk Ramsey et al. 2002; Bousman 2005; Bousman et al. 2016,,,C14,,"C14cal: 13.7 (Robberg), 10.6- 9.6 (Oakhurst), 4.9-1.9 (Developed Wilton), 1.4-0.5 (Ceramic)",
Boegoeberg 2,BOE,-28.76938,16.57203,1,South Africa,Northern Cape,Y,Succulent Karoo,,MSA,,genMSA,,,,,,,,,,,,,,,,,,Shelter,,Hyena den,Klein et al. 1999b; Dewar & Orton 2013,MSA,,,C14,Infinite C14: >44.2-46.7 (MSA),
Bokvasmaak (3 & 4),BVK,-28.47111,20.11248,3,South Africa,Northern Cape,S,Nama-Karoo,,,LSA,,,,,,,,,,,,,,,,,,Doornfontein,Open,Excavated,,Morris & Beaumont 1991; Beaumont et al. 1995; Parsons 2000,ceramic LSA,,C14,,"C14cal: 1.5 (BVK4), 0.2 (BVK3) ",
Bolahla,BOH,-30.03997,28.23974,3,Lesotho,Quthing,S,Grassland,,,LSA,,,,,,,,,,,,,,,,,,Ceramic LSA,Shelter,,,Mitchell et al. 1994,,,C14,,C14cal: 0.8,
Bonawe,BOW,-31.34266,27.77338,2,South Africa,Eastern Cape,S,Grassland,,,LSA*,,,,,,,,,,,,,,,Oakhurst,,Final LSA,,Shelter,,,Opperman 1987,,,C14,,"C14cal: 8.9 (3c), 3.1 (3a), 2.9 (2), 2.2 (1c) ",
Bonteberg,BNT,-34.20704,18.37272,2,South Africa,Western Cape,W,Fynbos,,,LSA*,,,,,,,,,,,,,,,,Wilton,,Ceramic LSA,Shelter,,,Maggs & Speed 1967; Grindley et al. 1970; Sheppard & Swart 1971,,,C14,,"C14cal:  5.4, 2.0",
Boomplaas,BPA,-33.38956,22.18317,1,South Africa,Western Cape,Y,Fynbos,,MSA,LSA*,,,,,,,,,HP,postHP?,Late MSA,Final MSA,MSA/LSA,Robberg,Oakhurst,Wilton,Final LSA,Ceramic LSA,Shelter,,,Fairhall et al. 1976; H.J. Deacon & Brooker 1976; H.J. Deacon 1979; J. Deacon 1984; H.J. Deacon et al. 1984; H.J. Deacon 1995; Miller et al. 1999; Pargeter 2017; Pargeter et al. 2018; J. Deacon 2023; Faith et al. 2024,"HP, MSA, late MSA, early MSA, early LSA, Robberg, Oakhurst, Wilton","raw material, miscellaneous finds, symbolic artifacts, technology, typology, organic tools",C14,"US, AAR, AMS C14, C14","US: 66.1±13, 64.0±3.2, 58.6±3.7 (OCH - HP); AAR: 65±7 or 56±6 (OCH - HP); AMS C14: 61.2-46.9 (BOL - pHP?/LateMSA); C14: 44.6-34.5 (OLP - LateMSA); AMS C14: 40.3-38.5, 39.7-37.9 (BP - Late/FinalMSA); AMS C14/C14: 30.1-24.9 (YOL - MSA/LSA), 26.4-24.3 (LPC - ELSA); 25.4-21.7 (LP - ELSA); 21.6-18.6 (GWA/HCA - Robberg); 17.4-14.0 (CL - Robberg); 14.9-9.7 (BRL - Oakhurst?); 9.2-4.4 (BLA - Wilton), 4.1-1.4 (BLD - Final LSA)",
Borchers,BCH,-30.70451,30.28108,2,South Africa,KwaZulu-Natal,S,Indian Ocean Coastal Belt,,,LSA*,,,,,,,,,,,,,,,,Wilton,,,Shelter,,,Cable 1984a,,,C14,,C14cal: 3.6-2.0,
Border Cave,BOR,-27.02500,31.98889,1,South Africa,KwaZulu-Natal,S,Savanna,,MSA,LSA*,,,,,,Early MSA,MIS5 MSA,,HP?,postHP,,,Early LSA,,,,,,Shelter,,,Beaumont 1978; GrŸn & Beaumont 2001; GrŸn et al. 2003; d'Errico et al. 2012; Villa et al. 2012; Backwell et al. 2018; de la Pe–a et al. 2022; Backwell et al. 2023,"MSA, early Pietersburg, late Pietersburg, Pietersburg, epi-Pietersburg, early postHP, late postHP, early LSA","miscellaneous finds, feature, technology, function, symbolic artifacts, plant remains, organic tools, typology, raw material",C14,ESR,"ESR: 227±11, 183±20 (5WA, MSA 1); 144±11, 161±10 (5BS, MSA 1); 168±5, 113±5, 115±8 (4WA, MSA 1); 77±2 (4BS, MSA 1); 74±4 (1RGBS, HP); 64±2 (3WA, HP); 72±4, 64±3, 56±2 (3BS, HP); 60±3 (2WA, MSA 3); C14: 43 (1 WA.UP/2), 42.6 (1BS.LowerC) (ELSA)",
Borrowpit Midden,BPM,-32.31763,18.31626,1,South Africa,Western Cape,W,Fynbos,,,LSA,,,,,,,,,,,,,,,,,,Ceramic LSA,Open,Excavated,Shell midden,Orton 2006; Jerardino et al. 2009,,,C14,,C14cal: 0.6,
Boundary Shelter,BDY,-31.50596,24.69558,1,South Africa,Northern Cape,S,Grassland,,,LSA,,,,,,,,,,,,,,,,,,Ceramic LSA,Shelter,,,Sampson et al. 1989; Sadr & Sampson 2006,,,C14,,C14cal: 2.0,
Brakfonteinspruit (Brakfontein 231),BRA,-29.47988,25.12280,1,South Africa,Free State,S,Nama-Karoo,ESA,MSA,LSA*,genMSA,genLSA,,,Fauresmith,,,,,,,,,,,,,,Open,Surface,Sand/gravels,van Riet Lowe 1937; Underhill 2012,,,,undated,,
Brandsebaai 2,BSB2,-31.33871,17.89627,1,South Africa,Western Cape,W,Succulent Karoo,,,LSA*,,,,,,,,,,,,,,,,,Final LSA,,Open,Excavated,Shell midden,Halkett et al. 1993; Kyriacou & Parkington 2015,"final LSA, Ceramic LSA",,C14,,C14cal: 5.1-0.7,
Brandsebaai 3,BSB3,-31.34090,17.90020,1,South Africa,Western Cape,W,Succulent Karoo,,,LSA*,,,,,,,,,,,,,,,,,Final LSA,,Open,Excavated,Shell midden,Halkett et al. 1993; Kyriacou & Parkington 2015,,,C14,,C14cal: 3.0,
Brandsebaai 4,BSB4,-31.31925,17.87938,1,South Africa,Western Cape,W,Succulent Karoo,,,LSA*,,,,,,,,,,,,,,,,,Final LSA,,Open,Excavated,Shell midden,Halkett et al. 1993; Kyriacou & Parkington 2015,,,C14,,C14cal: 2.5,
Brandsebaai 6,BSB6,-31.31740,17.87990,1,South Africa,Western Cape,W,Succulent Karoo,,,LSA*,,,,,,,,,,,,,,,,,Final LSA,,Open,Excavated,Shell midden,Halkett et al. 1993; Kyriacou & Parkington 2015,,,C14,,C14cal: 2.1,
Breek Been Kolk 1 (Swartkolkvloer),BBK1,-30.80000,20.15000,3,South Africa,Northern Cape,Y,Nama-Karoo,,MSA,LSA*,,,,,,,,,,,,MIS3 MSA,,,Lockshoek,,Springbokoog?,,Open,Excavated,Pan,Beaumont 1986; Beaumont et al. 1995; Carr et al. 2023,,,C14,"IRSL, C14","IRSL: 48±3, 46±3; C14: 45.9±3, 42.3±0.3 (Breek Been Kolk); IRSL: 55±3, 53±3, 45±3 (Quarry); IRSL: 39±3, C14: 34.4±0.7, 31.4±0.3 (Locality A); C14cal: 2.9 (LSA)",
Breek Been Kolk 3-5,BBK3,-30.80000,20.15000,3,South Africa,Northern Cape,Y,Nama-Karoo,,,LSA,,,,,,,,,,,,,,,,,,Swartkop,Open,Surface,Rock art,Beaumont & Vogel 1989; Beamont et al. 1995; Parsons 2011,,,C14,,C14cal: 0.7-0.5,
Bremen 1C,BR1,-25.76675,17.14785,2,Namibia,||Karas,S,Nama-Karoo,,MSA,LSA*,,genLSA,,,,Early MSA,,,HP,,,,,,,,,,Shelter,,,Wendt 1972; Vogelsang 1998,,"raw material, typology, miscellaneous finds, technology",,undated,,
Buffelskloof,BUF,-33.51093,21.86702,1,South Africa,Western Cape,Y,Albany Thicket,,,LSA*,,,,,,,,,,,,,Early LSA,,Oakhurst,Wilton,,,Shelter,,,Opperman 1987; Wadley 1993,"Oakhurst, Wilton",,C14,,"C14cal: 27.1-27.0 (ELSA), 13.7-10.0 (Oakhurst), 8.2-4.2 (Wilton)",
Bundu Farm,BUN,-29.66275,22.32894,1,South Africa,Northern Cape,S,Nama-Karoo,ESA,MSA,,,,,,Fauresmith,Early MSA,,,,,,,,,,,,,Open,Excavated,Pan,Kiberd 2006; Herries 2011; Hutson 2018,"Fauresmith, early MSA","typology, feature, technology, raw material",,ESR,ESR: 226-144 (EU)/394-248 (LU) (Group 4/5); 145.7±16 (Group 4),
Bushman Rock  Shelter,BRS,-24.57676,30.62481,1,South Africa,Limpopo,S,Savanna,,MSA,LSA*,,,,,,,Pietersburg,,,,,,,Robberg,Oakhurst,,,,Shelter,,,Eloff 1969; Vogel 1969; Plug 1981; Porraz et al. 2015; Porraz et al. 2018,"lower Pietersburg, upper Pietersburg, Oakhurst","organic tools, symbolic artifacts, typology, technology, raw material, miscellaneous finds",C14,OSL,"OSL: 75±7-71±6 (quartz BRS4, L28/Pietersburg), 97±10 (feldspar BRS4); 77±6-70±6 (quartz BRS3, L21/Pietersburg), 91±10 (feldspar BRS3); 14.5±1.4 (feldspar BRS2, L18); C14cal: ",
Buterix 1,BUT,-30.98870,28.32040,3,South Africa,Eastern Cape,S,Grassland,,,LSA*,,,,,,,,,,,,,,,,Wilton?,Final LSA,Ceramic LSA,Shelter,,,Guillemard 2025,,,C14,,"C14: 5.2-4.9, 3.9-1.7, 0.3",
Buzz Shelter (VR005),BUZ,-31.52367,18.60030,1,South Africa,Western Cape,W,Succulent Karoo,,,LSA*,,,,,,,,,,,,,,,,Wilton,Final LSA?,,Shelter,,,Orton et al. 2011; Orton 2012a,Wilton,,C14,,"C14cal: 6.2 (L6), 5.2-4.3 (L5-4), 3.5-1.5 (L3-2), (rejected ages: 15.4-15.2)",
Byneskranskop 1,BNK,-34.57869,19.46842,2,South Africa,Western Cape,Y,Fynbos,,,LSA*,,,,,,,,,,,,,,Robberg,Oakhurst,Wilton,Final LSA,Ceramic LSA,Shelter,,,Schweitzer & Wilson 1982; Hedges et al. 1994; Loftus et al. 2016,"Robberg, Oakhurst, Wilton, final LSA",,C14,,"C14cal: 16.9-15.0 (Robberg/transitional), 14.1-11.1 (Oakhurst), 8.5-3.9 (Wilton), 3.6-1.2 (FLSA), 1.8-0.2 (Ceramic)",
Canteen Kopje,CAN,-28.54318,24.53400,1,South Africa,Northern Cape,S,Savanna,ESA,,LSA*,,,,Acheulean,Fauresmith,,,,,,,,,,Kuruman,,,Smithfield,Open,Excavated,Sand/gravels,Forssman et al. 2010; Herries 2011; Chazan et al. 2013; Kuman et al. 2020,"early Acheulean, Oakhurst, ceramic LSA","miscellaneous finds, technology, symbolic artifacts, typology, raw material",C14,CN,"CN: >1.5, 1.51, 1.0 Ma",
Cape Agulhas,CAG,-34.75013,19.95000,2,South Africa,Western Cape,W,Fynbos,,,LSA*,,,,,,,,,,,,,,,,,Final LSA?,,Open,Excavated,Shell midden,Bateman et al. 2008,,,,C14,C14cal: 4.4-4.2,
Cape Deseada Midden,CDM,-32.31824,18.31516,1,South Africa,Western Cape,W,Fynbos,,,LSA*,,,,,,,,,,,,,,,,,Final LSA,,Open,Excavated,Shell midden,Jerardino 2012,,,C14,,C14cal: 1.5,
Cape Flats,CAP,-34.00000,18.75000,4,South Africa,Western Cape,W,Fynbos,,MSA,,,,,,,,,SB,,,,,,,,,,,Open,Surface,Dunefield,Dale 1870; Minichillo 2005; Henshilwood 2012,,,,undated,,
Cape Hangklip,CHK,-34.38163,18.82894,3,South Africa,Western Cape,W,Fynbos,ESA,MSA,,,,,Acheulean,,,,SB,,,,,,,,,,,Open,Surface,Dunefield,Sampson 1972; Minichillo 2005,,"raw material, typology, technology, miscellaneous finds",,undated,,
Cape St Blaize,CSB,-34.18616,22.15705,1,South Africa,Western Cape,Y,Fynbos,,MSA,,,,,,,,Mossel Bay,,,,,,,,,,,,Shelter,,,Keller 1969; Thompson & Marean 2008,,"raw material, technology, typology",,undated,,
Castle Quarry (Castle Cavern),CAS,-26.20833,31.03333,2,Eswatini,Hhohho,S,Grassland,,,LSA*,,,,,,,,,,,,,,,,,Final LSA,,Shelter,,Ochre mine,Stuiver et al. 1969; MacDonald et al. 2024,,,C14,,"C14cal: 4.4, 3.0",
Cauldwell,CDW,-26.33333,31.16667,4,Eswatini,Hhohho,S,Grassland,,,LSA*,,,,,,,,,,,,,,,,Wilton,,,Shelter,,,Vogel et al. 1986,,,C14,,C14cal: 7.6,
Cave James,CJA,-25.69445,27.93397,2,South Africa,North West,S,Savanna,,MSA,LSA*,genMSA,,,,,,,,,,,,Early LSA,,Oakhurst,Wilton,,,Shelter,,,Wadley 1987; Wadley 1989; Wadley 1996,"early LSA, Wilton, final LSA","typology, raw material, technology",C14,,"C14cal: [>29 (BL)], 8.7-7.0 (RW), 4.2 (SS)",
Cave of Hearths,COH,-24.13841,29.19866,1,South Africa,Limpopo,S,Savanna,ESA,MSA,LSA*,,genLSA,,Acheulean,,Early MSA,Pietersburg,,HP?,,,,,,,,,,Shelter,,,Volman 1981; Volman 1984; McNabb & Sinclair 2009; Sinclair 2009; Herries 2011,late Acheulean,"technology, typology, feature, symbolic artifacts, miscellaneous finds, raw material",,PM,PM: 670-560 (Acheulean),
Cha-re,CHR,-23.65210,15.89932,3,Namibia,Khomas,S,Savanna,,,LSA*,,,,,,,,,,,,,,,,Wilton,,,Shelter,,,Vogel & Visser 1981,,,C14,,"C14cal: 7.7, 6.5",
Clanwilliam Dam East,DAM,-32.20029,18.88830,1,South Africa,Western Cape,W,Fynbos,,MSA,,,,,,,,,SB,,,,,,,,,,,Open,Surface,River terrace,Hallinan 2013; Archer et al. 2016; Hallinan & Parkington 2017; Mackay et al. 2018,,,,undated,,
Clarke's Shelter,CLA,-29.02083,29.31611,3,South Africa,KwaZulu-Natal,S,Grassland,,,LSA,,,,,,,,,,,,,,,,,,Ceramic LSA,Shelter,,,Mazel 1984a,ceramic LSA,,C14,,"C14cal: 2.4-2.1 (L3), 1.4 (L2)",
Collingham,COL,-29.45972,29.79583,2,South Africa,KwaZulu-Natal,S,Grassland,,,LSA,,,,,,,,,,,,,,,,,,Ceramic LSA,Shelter,,,Mazel 1992,ceramic LSA,,C14,,"C14cal: 1.8-1.6, 1.1-0.6",
Colwinton,CLW,-31.12935,27.73910,2,South Africa,Eastern Cape,S,Grassland,,,LSA*,,,,,,,,,,,,,,,Oakhurst?,Wilton,Final LSA,Ceramic LSA,Shelter,,,Opperman 1987,,,C14,,"C14cal: 7.1 (Witon), 1.8, 0.8",
Connie's Limpet Bar,CLB,-32.30972,18.34167,1,South Africa,Western Cape,W,Fynbos,,,LSA,,,,,,,,,,,,,,,,,,Ceramic LSA,Open,Excavated,Shell midden,Jerardino 1996,,,C14,,C14cal: 0.4,
Cooper's Cave,COO,-26.01319,27.74310,1,South Africa,Gauteng,S,Grassland,ESA,,,,,Oldowan,,,,,,,,,,,,,,,,Karst infill,,,De Ruiter et al. 2009; Sutton et al. 2017,Oldowan,,,U-Pb,U-Pb: 1.4-1.5 Ma,
Cornelia-Uitzoek,COR,-27.16017,28.87833,1,South Africa,Free State,S,Grassland,ESA,,,,,,Acheulean,,,,,,,,,,,,,,,Open,Excavated,Valley-fill gravels,Brink et al. 2012; Bousman et al. 2023a,Acheulean,"raw material, technology, typology",,PM,PM: 1.07-0.99 Ma,
Cunene River (Cafema),CAF,-17.21354,12.20027,1,Namibia,Kunene,S,Savanna,,MSA,,,,,,,Early MSA,,,,,,,,,,,,,Open,Surface,Terrace lag,Nicoll 2010,early MSA,"technology, typology, raw material",,OSL,OSL: <224-219,
Cymot,CYM,-21.91667,14.78333,3,Namibia,Erongo,S,Desert,,,LSA*,,,,,,,,,,,,,,,,Wilton,,,Shelter,,,Sheppard & Swart 1967,,,C14,,C14cal: 6.5,
Dagbreek 1,DAG,-30.61041,25.89714,2,South Africa,Eastern Cape,S,Nama-Karoo,,MSA,,genMSA,,,,,,,,,,,,,,,,,,Open,Excavated,River terrace,Sampson 1968,,,,undated,,
Dale Rose Parlour,DRP,-34.11976,18.44051,3,South Africa,Western Cape,W,Fynbos,,MSA,,,,,,,,,SB,HP,,,,,,,,,,Shelter,,,Schirmer 1975; Archer et al. 2016,,"typology, raw material, technology",,undated,,
Damvlei,DVL,-28.90830,25.69776,1,South Africa,Free State,S,Grassland,,,LSA*,,,,,,,,,,,,,,,Lockshoek,Wilton,,,Open,Surface/excavated,Donga,Toffolo et al. 2023,,,,"OSL, C14",OSL: 27±3 (max. age); C14: 3.4-0.5,
"DB3, Taung (Harts River Valley)",DB3,-27.50806,24.86641,1,South Africa,North West,S,Savanna,ESA,,,,,,Acheulean,Victoria West,,,,,,,,,,,,,,Open,Surface,Plateau,Kuman 2001,,"raw material, technology, typology",,undated,,
De Hangen,DEH,-32.05541,18.91192,1,South Africa,Western Cape,W,Fynbos,,,LSA,,,,,,,,,,,,,,,,,,Ceramic LSA,Shelter,,,Parkington & Poggenpoel 1971,,,C14,,"C14cal: 1.7, 0.5-0.1",
De Hoop,DHP,-29.23413,27.44000,3,South Africa,Free State,S,Grassland,,,LSA*,,,,,,,,,,,,,,,,,Final LSA,,Shelter,,,Wadley 1995; Klatzow 2000; Klatzow 2010,final LSA,,C14,,"C14cal: 3.9, 2.9",
Deurspring 16 (Doorspring),DSP,-32.02132,18.29483,2,South Africa,Western Cape,W,Fynbos,,,LSA*,,,,,,,,,,,,,,,,Wilton,Final LSA,,Open,Excavated,Shell midden,Jerardino 1996; Jerardino 2010,final LSA,,C14,,"C14cal: 6.1-5.8 (L4), 5.5-4.6 (L3), 4.0 (L2), 2.9 (L1)",
Diamond Shelter,DMS,-28.49147,28.94360,2,South Africa,Free State,S,Grassland,,,LSA*,,,,,,,,,,,,,,,,Wilton,Final LSA,,Shelter,,,Mazel 1984a,Wilton,,C14,,"C14cal: 5.6 (L3), 3.2 (L2), 2.9 (L1)",
Diaz Street Midden,DSM,-33.00941,17.93968,1,South Africa,Western Cape,W,Fynbos,,,LSA*,,,,,,,,,,,,,,,,Wilton,,,Open,Excavated,Shell midden,Orton 2009; Dewar 2010,,,C14,,"C14cal: 6.4-6.1, (2.5-2.2 burials)",
Die Kelders,DKE,-34.54499,19.37820,1,South Africa,Western Cape,S,Fynbos,,MSA,LSA,,,,,,,MIS5 MSA?,,,,,,,,,,,Ceramic LSA,Shelter,,,Schweitzer 1970; Schweitzer 1979; Sealy & Yates 1994; Feathers & Bush 2000; Grine 2023,"middle MSA, late MSA, ceramic LSA","technology, typology, miscellaneous finds, raw material",C14,TL,TL: 75.3±6.8-58.6±5.4; 51.4±6-50.6±4.5,
Die Toon,DTN,-28.31111,17.28333,1,South Africa,Northern Cape,S,Desert,,,LSA*,,,,,,,,,,,,,,,,,Final LSA,,Open,Excavated,,Webley et al. 1993,,,C14,,"C14cal: 4.2, 3.3",
Diepkloof,DRS,-32.38656,18.45307,1,South Africa,Western Cape,W,Fynbos,,MSA,LSA*,,,,,,,preSB,SB,HP,postHP,,,,,,,Final LSA,,Shelter,,,Parkington & Poggenpoel 1987; Jacobs et al. 2008a; Porraz et al. 2013; Tribolo et al. 2013; Jacobs & Roberts 2015; Jacobs & Roberts 2017; Parkington & Porraz 2023,"MSA, preSB, SB, HP, postHP","feature, miscellaneous finds, technology, function, symbolic artifacts, raw material, typology",,"TL, OSL, C14","TL (Tribolo): 107-100 (preSB), 109 (SB), 109-105 (EHP), 89 (MSA-Jack), 85-65 (IHP), 52 (LHP), 55-47 (postHP); OSL (Jacobs): 93.3-88.2 (preSB), 76.5 (SB), 65.1 (EHP), 60.8 (IHP), 65.9-49.2 (LHP), 51.9-43.6 (postHP); C14cal: 1.5-0.4 (FLSA); (C14uncal: 1.59±0.045-0.39±0.03)",
Dikbosch 1,DKB1,-28.66222,23.91321,1,South Africa,Northern Cape,S,Savanna,,,LSA*,,,,,,,,,,,,,,Robberg,Oakhurst,Wilton,Final LSA,Ceramic LSA,Shelter,,,Vogel et al. 1986; Wadley 1993,"Oakhurst, Wilton, final LSA, ceramic LSA",,C14,,"C14cal: 16.2-14.6 (A/LV-III), 8.8 (B/LV), 3.3 (A/LII), 1.6-1.4 (B/LIII-II)",
Dikbosch 2,DKB2,-28.65412,23.92027,1,South Africa,Northern Cape,S,Savanna,,,LSA,,,,,,,,,,,,,,,,,,Ceramic LSA,Shelter,,,Humphreys & Thackeray 1983,,,C14,,C14cal: 0.5,
Doornlaagte 1,DNL,-28.72186,24.35383,1,South Africa,Northern Cape,S,Savanna,ESA,,,,,,Acheulean,Fauresmith,,,,,,,,,,,,,,Open,Excavated,Sand/gravels,Butzer 1974; Deacon 1975; Beaumont & Morris 1990,,"typology, technology, raw material",,undated,,
Doringbos 8,DB8,-31.95840,19.18835,1,South Africa,Western Cape,W,Succulent Karoo,,MSA,LSA*,genMSA,,,,,,,,,,,,,,Oakhurst,,,,Open,Surface,River terrace,Shaw et al. 2019; Shaw et al. 2021,,,,undated,,
Dreyer's Pan 2004/010,DP10,-29.59871,17.03049,1,South Africa,Northern Cape,W,Succulent Karoo,,,LSA,,,,,,,,,,,,,,,,,,Group 2,Open,Excavated,Shell midden,Orton 2012a,,,C14,,C14cal: 0.6,
Dreyer's Pan 2004/014,DP14,-29.59967,17.04950,1,South Africa,Northern Cape,W,Succulent Karoo,,,LSA,,,,,,,,,,,,,,,,,,Group 2/3,Open,Excavated,Shell midden,Dewar 2008; Orton 2012a,,,C14,,C14cal: 0.9,
Driekoppen,DRI,-31.33355,24.58171,2,South Africa,Northern Cape,S,Nama-Karoo,,MSA,LSA,,,,,,,,,,,Late MSA,,,,,,,Smithfield,Shelter,,,Wallsmith 1990; Wallsmith 1994,"early LSA, late MSA",,,TL,"TL: 39.7±4.3, 26.3±3.0",
Driel Shelter,DRL,-28.76418,29.28978,2,South Africa,KwaZulu-Natal,S,Grassland,,,LSA,,,,,,,,,,,,,,,,,,Ceramic LSA,Shelter,,,Maggs & Ward 1980,ceramic LSA,,C14,,C14cal: 1.6,
Dro‘grond B,DGD,-29.12274,20.25924,2,South Africa,Northern Cape,S,Nama-Karoo,,,LSA,,,,,,,,,,,,,,,,,,Swartkop?,Open,Excavated,Sand,Smith 1986; Smith 1995,,,C14,,C14cal: 0.4,
Duiker Eiland,DUI,-32.73333,17.91667,2,South Africa,Western Cape,W,Fynbos,,,LSA,,,,,,,,,,,,,,,,,,Ceramic LSA,Open,Excavated,Shell midden,Robertshaw 1979,,,C14,,C14cal: 1.6,
Duinefontein 2,DFT,-33.67167,18.43412,2,South Africa,Western Cape,W,Fynbos,ESA,MSA,,,,,Acheulean,,Early MSA,,,,,,,,,,,,,Open,Excavated,Dunefield,Klein et al. 1999a; Feathers 2002; Cruz-Uribe et al. 2003,Acheulean,"technology, feature, miscellaneous finds, typology, raw material",,OSL/IRSL,"OSL/IRSL: 292±55, 272±83, 265±48 (Acheulean/EMSA)",
Dunefield Midden,DFM,-32.30109,18.34893,1,South Africa,Western Cape,W,Fynbos,,,LSA*,,,,,,,,,,,,,,,,Wilton,,Ceramic LSA,Open,Excavated,Shell midden,Orton & Compton 2006; Parkington et al. 2009; Orton 2020,"Wilton, ceramic LSA",,C14,,AMS C14cal: 6.9. 3.5; C14cal: 2.2-0.6,
Dunefield Midden 11,DFM11,-32.30617,18.34438,1,South Africa,Western Cape,W,Fynbos,,,LSA,,,,,,,,,,,,,,,,,,Ceramic LSA,Open,Excavated,Shell midden,Orton 2006,,,C14,,C14cal: 2.2,
Eagle Cave,EAG,-32.32839,18.32295,2,South Africa,Western Cape,W,Fynbos,,MSA,LSA*,genMSA,,,,,,,,,,,,,,,,Final LSA,,Shelter,,,Jerardino 1996,,,C14,,C14cal: 3.0,
Edgehill,EDG,-32.94125,26.50683,3,South Africa,Eastern Cape,Y,Albany Thicket,,,LSA,,,,,,,,,,,,,,,,Wilton,,Ceramic LSA,Shelter,,,Hall 1986; Hall 2000,,,C14,,"C14cal:  6.3, 1.7",
Elands Bay Cave,EBC,-32.31782,18.31792,1,South Africa,Western Cape,W,Fynbos,,MSA,LSA*,,,,,,Early MSA,,,,,Late MSA,,Early LSA,Robberg,Oakhurst,Wilton,Final LSA,,Shelter,,,Fairhall et al. 1976; Parkington 1992; Orton 2006; Porraz et al. 2016; Schmid et al. 2016; Tribolo et al. 2016,"early MSA, late MSA, early LSA, Robberg, Oakhurst, Wilton, final LSA, ceramic LSA","raw material, animal remains, technology, typology",C14,"OSL, C14","OSL: 249±24 , 231±20, 227±22, 83±14 (EMSA); 37±3, 35±3 (LMSA); C14: 38.5-36.4 (LMSA); C14: 24.3-22.4; TL: 31±4-29±4; OSL: 19±2 (ELSA); C14cal: 21.5-14.6 (Robberg); 12.8-9.9 (Oakhurst), 9.3-8.7 (Transitional), 4.9-1.1 (Wilton), 0.3 (FLSA)",
Elands Bay Open,EBO,-32.31697,18.31791,1,South Africa,Western Cape,W,Fynbos,,,LSA*,,,,,,,,,,,,,,,,,Final LSA,Ceramic LSA,Open,Excavated,Shell midden,Klein 1986; Jerardino 1996,,,C14,,"C14cal: 3.0, 1.3, 0.6",
Elandsdrift,ELD,-25.95373,27.86793,2,South Africa,Gauteng,S,Grassland,ESA,MSA,,genMSA,,,Acheulean,,,,,,,,,,,,,,,Open,Surface,Colluvium,Caruana et al. 2019; Caruana et al. 2020,,,,undated,,
Elandsfontein (Hopefield),EFT,-33.10156,18.24190,1,South Africa,Western Cape,W,Fynbos,ESA,MSA,,genMSA,,,Acheulean,,,,,,,,,,,,,,,Open,Excavated,Dunefield,Singer & Wymer 1968; Klein 1978; Klein & Cruz-Uribe 1991; Braun et al. 2013a; Braun et al. 2013b,,,,"PM, fauna","Fauna: 1-0.6 Ma (ESA), <115 (MSA); PM: 780 (ESA)",
Elandskloof 13,ELK,-30.21137,24.91783,2,South Africa,Free State,S,Grassland,ESA,MSA,,genMSA,,,Acheulean,,,,,,,,,,,,,,,Open,Excavated,River terrace,Sampson 1968,,,,undated,,
Emambeni Shelter,EMM,-26.43361,31.04999,4,Eswatini,Manzini,S,Grassland,,,LSA*,,,,,,,,,,,,,,,,,Final LSA,,Shelter,,,Stuiver et al. 1969,,,C14,,C14cal: 3.9,
Equus Cave,EQC,-27.61673,24.63193,1,South Africa,North West,S,Savanna,,MSA,LSA*,genMSA,,,,,,,,,,,,,Robberg,,Wilton,,,Shelter,,,Vogel et al. 1986; Beaumont 1990,Oakhurst,"technology, raw material, typology",C14,,"C14cal: 19.7 (Robberg), 8.2-5.8 (Wilton), 2.4",
Erb Tanks,ERB,-22.34672,15.08910,1,Namibia,Erongo,S,Desert,,MSA,LSA*,,,,,,Early MSA,,,,,Late MSA,,,,,Wilton,,,Shelter,,,McCall et al. 2011; Marks 2018,"MSA, Wilton","technology, typology, symbolic artifacts, raw material",,"AAR, OSL, AMS C14","AAR: 130, 85, 65-60, 45 (some ages unreliable); OSL: 33-17, 23-12; AMS C14: 5 (LSA)",
Erfkroon,ERF,-28.87605,25.60422,1,South Africa,Free State,S,Grassland,,MSA,LSA*,,,,,,Early MSA,MIS5 MSA,,,,Late MSA,,Early LSA,Robberg,Lockshoek,,,,Open,Excavated,Colluvium,Churchill et al. 2000; Lyons et al. 2014; Palmison 2014; Bousman et al. 2023b,,"raw material, technology, typology",,"OSL, ESR","OSL: 119.5±8.1 (Early MSA); 84.3±13.2 (Middle MSA); 55.5±4.0, 54.6±4.9 (Late MSA); OSL: 34.1±2, 27.2±1; ESR: 27.3/34.5, 17.7/25.4 (ELSA)",
Etemba 14,ETM,-21.45015,15.61668,2,Namibia,Erongo,S,Savanna,,MSA,LSA,,,,,,Early MSA?,,,,,,,,,,,,Ceramic LSA,Shelter,,,Freundlich et al. 1980; Schmidt 2011,,"technology, raw material, typology",C14,,C14cal: 1.8,
FackeltrŠger Shelter,FCK,-21.55798,15.54098,3,Namibia,Erongo,S,Savanna,,,LSA*,,,,,,,,,,,,,,,,,Final LSA,Ceramic LSA,Shelter,,,Freundlich et al. 1980; Mauran et al. 2020,,,C14,,"C14cal: 3.0-2.1, 0.2",
Falls Rock Shelter,FAL,-21.15057,14.52587,3,Namibia,Erongo,S,Desert,,,LSA*,,,,,,,,,,,,,,,,,Final LSA,Ceramic LSA,Shelter,,,Kinahan 2018,"Final LSA, Ceramic LSA",,,C14,"C14: 5.3-3.4, 2.2-1.6",
Faraoskop,FRS,-32.12664,18.61422,1,South Africa,Western Cape,W,Fynbos,,,LSA*,,,,,,,,,,,,,,Robberg,,,Final LSA,Ceramic LSA,Shelter,,,Sealy et al. 1992; Manhire 1993,"Robberg, final LSA",,C14,,"C14cal: 19.9 (L5, Robberg), 13.4 (L4, Robberg), 12.7 (L3), 5.0 (L2), 2.6-1.9 (L2, FLSA), 0.6 (L1, FLSA); 2.2-1.9 (burials)",
Fateng Tsa Pholo,FTP,-29.31944,27.83722,1,Lesotho,Maseru,S,Grassland,,,LSA*,,,,,,,,,,,,,,,,Wilton,,,Shelter,,,Arthur et al. 2018,Wilton,,,C14,C14: 6.1-5.8,
Florisbad,FLO,-28.76778,26.06968,1,South Africa,Free State,S,Grassland,,MSA,LSA*,,,,,,Early MSA,MIS5 MSA,,,,,,,,Oakhurst,,,Ceramic LSA,Open,Excavated,Spring,Kuman & Clarke 1986; Kuman 1989; GrŸn et al. 1996; Kuman et al. 1999; Toffolo et al. 2017; Kuman 2023,"early MSA, MSA","typology, feature, raw material, technology",C14,"OSL, ESR","OSL: 279, 281 (EMSA); 157, ESR: 121 (MSA), 15 (Oakhurst)",
Fort Troje,FTJ,-25.50000,28.60000,3,South Africa,North West,S,Savanna,,,LSA,,,,,,,,,,,,,,,,,,Ceramic LSA,Shelter,,,Wadley 1987,,,C14,,C14cal: 0.5,
Ga-Mohana Hill North,GAN,-27.38464,23.34360,1,South Africa,Northern Cape,S,Savanna,,MSA,LSA*,,,,,,,MIS5 MSA,,,,,MIS3 MSA,,Robberg,,,,,Shelter,,,Wilkins et al. 2020; Wilkins et al. 2021; Wilkins 2023,"MSA, final MSA, early LSA, Robberg","technology, typology, miscellaneous finds, raw material",,OSL,"OSL: 109.8±5.7, 105.6±6.7, 103±5.6, 99.2±7.7 (DBSR); 30.9±1.8 (OAS)",
Ga-Mohana Hill South,GAS,-27.38774,23.34673,1,South Africa,Northern Cape,S,Savanna,,,LSA*,,,,,,,,,,,,,,,,,Final LSA,,Shelter,,,Wilkins et al. 2025,,,,AMS C14,AMS: 2.7-2.5,
Geduld,GED,-20.29189,15.79100,2,Namibia,Kunene,S,Savanna,,,LSA,,,,,,,,,,,,,,,,,,Ceramic LSA,Shelter,,,Smith & Jacobson 1995,,,C14,,C14cal: 2.2-1.7,
Geelbek,GBK,-33.18359,18.15698,1,South Africa,Western Cape,W,Fynbos,,MSA,LSA,,,,,,,,,HP,,,,,,,,,Ceramic LSA,Open,Surface,Dunefield,Dietl et al. 2005; Conard & Kandel 2006; Kandel & Conard 2012; Kandel & Conard 2023b,,"typology, technology, raw material",,undated,,
Geelhoutboom,GHB,-34.10473,24.42637,2,South Africa,Eastern Cape,Y,Fynbos,ESA,MSA,,genMSA,,,Acheulean,,,,,,,,,,,,,,,Open,Surface,Deflated dune,Laidler 1947; Deacon 1975,,,,undated,,
Gehle,GEH,-29.13006,29.90496,2,South Africa,KwaZulu-Natal,S,Grassland,,,LSA*,,,,,,,,,,,,,,,,Wilton,,Ceramic LSA,Shelter,,,Mazel 1984b,ceramic LSA,,C14,,"C14cal: 6.4, 4.8 (Wilton), 1.2, 0.6 (Ceramic)",
Gladysvale,GLA,-25.86024,27.78448,2,South Africa,Mpumalanga,S,Savanna,ESA,,,,,,Acheulean,,,,,,,,,,,,,,,Karst infill,,,Hall et al. 2006; Pickering et al. 2007,Acheulean,"technology, raw material, typology",,"U-Th, PM/ESR",U-Th: 571±24.9 (only one handaxe),
Glen Eliott Shelter,GES,-30.73358,25.61669,2,South Africa,Northern Cape,S,Nama-Karoo,,,LSA*,,,,,,,,,,,,,,,,Wilton,,Ceramic LSA,Shelter,,,Sampson 1967a; Sampson 1970; Bollong et al. 1993,,,C14,,C14cal: 1.0-0.1 (Ceramic),
Glen Grey Falls,GGF,-31.79169,27.03333,1,South Africa,Eastern Cape,S,Grassland,,MSA,,genMSA,,,,,,,,,,,,,,,,,,Open,Surface,,Goodwin & van Riet Lowe 1929; Derricourt 1977,,,,undated,,
Glentyre,GLN,-33.98353,22.64347,2,South Africa,Western Cape,Y,Fynbos,,,LSA*,,,,,,,,,,,,,,,Oakhurst,Wilton,,,Shelter,,,Fagan 1960; Schrire 1962; Deacon 1979,,,,undated,,
Goedgeloof C1/M1,GGL,-34.16168,24.76817,3,South Africa,Eastern Cape,Y,Fynbos,,,LSA*,,,,,,,,,,,,,,,,,Final LSA,,Open,,Shell midden,Binneman 2004,,,C14,,C14cal: 3.0,
Goergap 113 KR,GRG,-24.10000,28.46667,3,South Africa,Limpopo,S,Savanna,,MSA,LSA*,genMSA,,,,,,,,,,,,,,,,Final LSA,,Shelter,,,Van der Ryst 1998,final LSA,,C14,,C14cal: 0.8-0.2,
Good Hope Shelter,GHS,-29.77912,29.25821,3,South Africa,KwaZulu-Natal,S,Grassland,,,LSA*,,,,,,,,,,,,,,,Oakhurst,,,Ceramic LSA,Shelter,,,Cable et al. 1980; Wadley 2000a,"final LSA, Ceramic LSA",,C14,,"C14cal: 8.4, 2.1",
Gordon's Bay,GRD,-34.15480,18.86491,3,South Africa,Western Cape,W,Fynbos,,,LSA*,,,,,,,,,,,,,,,,,Final LSA,,Open,,Shell midden,Derricourt 1973,,,C14,,"C14cal: 3.4-2.8 (2.0, burial)",
"Goubees (1,4,5)",GOU,-30.03330,18.61250,3,South Africa,Northern Cape,Y,Nama-Karoo,,,LSA,,,,,,,,,,,,,,,,,,Swartkop?,Open,Surface,,Beaumont et al. 1995,,,C14,,C14cal: 0.6-0.4,
Grassridge,GRA,-31.56258,26.85467,1,South Africa,Eastern Cape,S,Grassland,,MSA,LSA*,,,,,,,,,,,,MIS3 MSA,,,Oakhurst,Wilton,,,Shelter,,,Opperman 1987; Collins et al. 2017; Ames et al. 2020; Collins et al. 2023,"final MSA, Wilton","typology, technology, miscellaneous finds, raw material",C14,"OSL, C14",OSL: 43.1±4.8-31.6±2.5 (LZII); 13.5±1.0 (LZ1b); C14: 40.0-28.2 (LZII) ,
Groot Kloof,GKL,-28.31881,24.20513,1,South Africa,Northern Cape,S,Savanna,ESA,MSA,LSA*,,genLSA,,,Late Acheulean,Early MSA,,,,,,,,,,,,,Open,Excavated,Tufa/breccia,Curnoe et al. 2006,early MSA,"typology, raw material, technology",,US,US: 248±37 (T2 tufa),
Groot Kolk 1,GRK,-30.42017,21.57224,3,South Africa,Northern Cape,S,Nama-Karoo,,,LSA,,,,,,,,,,,,,,,,,,Swartkop,Open,Excavated,Rock art,Deacon 1986; Beaumont & Vogel 1989,,,C14,,C14cal: 0.5,
Groot Kommandokloof,GKK,-33.67740,24.12139,2,South Africa,Eastern Cape,Y,Fynbos,,,LSA*,,,,,,,,,,,,,,,,Wilton,,,Shelter,,,Binneman & Hall 1993; Binneman 1999,,,C14,,C14cal: 7.3,
Grootrif B,GRFB,-32.17588,18.31256,1,South Africa,Western Cape,W,Fynbos,,,LSA*,,,,,,,,,,,,,,,,,Final LSA,,Open,Excavated,Shell midden,Jerardino 2010,final LSA,,C14,,C14cal: 3.2-2.2,
Grootrif D,GRFD,-32.17071,18.31230,1,South Africa,Western Cape,W,Fynbos,,,LSA*,,,,,,,,,,,,,,,,,Final LSA,,Open,Excavated,Shell midden,Jerardino 2010,final LSA,,C14,,C14cal: 3.6-2.2,
Grootrif G,GRFG,-32.16886,18.31271,1,South Africa,Western Cape,W,Fynbos,,,LSA*,,,,,,,,,,,,,,,,,Final LSA,,Open,Excavated,Shell midden,Jerardino 1996; Jerardino 2007,final LSA,,C14,,"C14cal: 3.3-2.4, 0.6",
Ha Makotoko,HMA,-29.32649,27.80421,2,Lesotho,Maseru,S,Grassland,,MSA,LSA*,,,,,,,,,,postHP,Late MSA,,MSA/LSA,Robberg,Oakhurst,,,,Shelter,,,Mitchell 1993a; Mitchell & Arthur 2014; Patalano et al. 2023; Dewar et al. 2024; Siemssen et al. 2025,"late MSA, final MSA, Robberg, Oakhurst",,C14,,"AMS C14: 41.8-40.9, 42.6-40.3, 42.3-41.2 (Late MSA); 31.2-30.4, 27.8-27.3 (MSA/LSA); 15.3-14.5 (Robberg); 11.8-9.3 (Oakhurst)",
Ha Soloja,HSO,-29.85145,29.04999,2,Lesotho,Qacha's Nek,S,Grassland,,MSA,LSA*,,genLSA,,,,,,preHP?,HP?,,Late MSA,,,,,,,,Shelter,,,Carter & Vogel 1974; Vogel et al. 1986; Mitchell 1992,late MSA,"typology, feature, raw material, technology",,C14,"C14: 45.9Ð39.3, 50.0Ð42.1, 54.6Ð43.2 (LateMSA)",
Haalenberg,HAL,-26.58372,15.46790,3,Namibia,||Karas,Y,Desert,,MSA,LSA*,genMSA,,,,,,,,,,,,,,,,Final LSA,,Shelter,,,Vogel & Visser 1981; Vogelsang 1998,final MSA,"typology, miscellaneous finds, technology, raw material",C14,,"C14cal: >44 (MSA), 2.2 (LSA)",
Haaskraal Pan,HSP,-31.50677,24.22326,1,South Africa,Northern Cape,S,Nama-Karoo,ESA,MSA,,,,,,Late Acheulean,Early MSA,,,,,,,,,,,,,Open,Excavated,Pan,"Partridge & Dalbey 1986, Dalbey et al. 1991; Sampson 2004",,,,US,US: 244+38/-40,
Haaskraal Shelter,HSK,-31.54498,24.22626,2,South Africa,Northern Cape,S,Nama-Karoo,,,LSA*,,,,,,,,,,,,,,,,,Final LSA,Ceramic LSA,Shelter,,,Hart 1989; Bollong & Sampson 1996; Sadr & Sampson 2006; Sampson 2010,,,C14,,"C14cal: 1.8-1.0, 0.5-0.3",
Hackthorne,HAK,-22.22974,29.31556,1,South Africa,Limpopo,S,Savanna,ESA,MSA,,,,,,Sangoan?,Early MSA,,,,,,,,,,,,,Open,Excavated,Lag gravel,Kuman et al. 2005a; Kuman et al. 2005b; Le Baron et al. 2010,,"raw material, technology, typology",,OSL,OSL: 15.8 (Holocene mantle),
Hail Storm Midden (Hailstone Midden),HSM,-32.31838,18.32306,2,South Africa,Western Cape,W,Fynbos,,,LSA,,,,,,,,,,,,,,,,,,Ceramic LSA,Open,Excavated,Shell midden,Noli 1988; Jerardino 1996,,,C14,,C14cal: 0.8,
Hartmann Valley 95,HAR,-17.39712,12.23228,2,Namibia,Kunene,S,Savanna,,,LSA*,,,,,,,,,,,,,,,Oakhurst,,,Ceramic LSA,Shelter,,,Vogelsang & Eichhorn 2011,final LSA,,,C14,"C14: 8.7 (Macrolithic, min. age), 1.4",
Herolds Bay Cave,HER,-34.05660,22.39691,1,South Africa,Western Cape,Y,Fynbos,,MSA,,,,,,,,MIS5 MSA,,,,,,,,,,,,Shelter,,,Deacon 1979; Brink & Deacon 1982; Braun et al. 2020,,"feature, technology, raw material, typology",,U-Th,U-Th: 92-62,
Heuningsneskrans,HNK,-24.61021,30.63700,2,South Africa,Limpopo,S,Savanna,,MSA,LSA*,,,,,,,,,,,,Final MSA?,Early LSA,Robberg,Oakhurst,,,,Shelter,,,Vogel & Marais 1971; Linick 1977; Beaumont 1981; Wadley 1993; Porraz & Val 2019; Porraz & Val 2023,"final MSA, early LSA, Robberg, Oakhurst, Wilton",,C14,,"C14: 35.1-34.7 (3g - FMSA); 29.3-22.6 (3f-3c - ELSA); C14cal: 24.0-14.3 (Robberg), 12.2-8.0 (Oakhurst)",
Highlands Rock Shelter,HLD,-31.83293,25.56838,1,South Africa,Eastern Cape,S,Nama-Karoo,,MSA,LSA*,,,,,,,,,,,Late MSA,,,,,,Final LSA,Ceramic LSA,Shelter,,,Deacon 1976; Volman 1981; Lewis 2008,final LSA,"technology, typology, raw material",C14,C14,C14: 44.5-36.4 (Late MSA); C14cal: 5.1-3.8 (FLSA),
Hoedjiespunt,HDP,-33.02886,17.95807,1,South Africa,Western Cape,W,Fynbos,,MSA,,,,,,,,MIS5 MSA,,,,,,,,,,,,Open,Excavated,Shell midden,Parkington 2003; Will et al. 2013; Tribolo et al. 2022,early MSA,"raw material, feature, miscellaneous finds, typology, technology",,OSL,OSL: 130-100,
Hoffman's Robberg Cave,HRC,-34.10837,23.38659,1,South Africa,Western Cape,S,Fynbos,,,LSA*,,,,,,,,,,,,,,,,,Final LSA,,Shelter,,,Fairhall et al. 1976; Kyriacou & Sealy 2009; Kyriacou 2010,,,C14,,"C14cal: 4.1, 3.4",
Holkrans (Buffelskloof 511),HLK,-26.85847,27.28556,1,South Africa,North West,S,Savanna,,,LSA,,,,,,,,,,,,,,,,,,Ceramic LSA,Shelter,,,Witelson 2016,ceramic LSA,,C14,,C14cal: 2.3-0.1,
Holley Shelter,HOL,-29.46443,30.53937,1,South Africa,KwaZulu-Natal,S,Savanna,,MSA,,,,,,,,,,,,,Final MSA,,,,,,,Shelter,,,Cramb 1952; Cramb 1961; Bader et al. 2015; Bader et al. 2022b; Bader et al. 2024,,"organic tools, typology, raw material, technology",,AMS C14,AMS: 36-34,
Hollow Rock Shelter,HRS,-32.08405,19.07924,1,South Africa,Western Cape,W,Fynbos,,MSA,,,,,,,,preSB,SB,,,,,,,,,,,Shelter,,,Evans 1993; Evans 1994; Hogberg & Larson 2011; Hogberg 2014; Hogberg & Lombard 2022,SB,"technology, raw material, typology, miscellaneous finds",,OSL,OSL: 80-70,
Hololo Crossing,HLO,-28.73391,28.45837,3,Lesotho,Butha-Buthe,S,Grassland,,,LSA*,,,,,,,,,,,,,,,,,Final LSA,,Shelter,,,Mitchell et al. 1994; Kaplan & Mitchell 2012,final LSA,,C14,,C14cal: 0.3-0.2,
Honingklip 1,HON,-26.02254,30.80890,3,South Africa,Gauteng,S,Savanna,,,LSA*,,,,,,,,,,,,,,,,Wilton,,Ceramic LSA,Shelter,,,Korsman & Plug 1994,,,,C14,"C14cal: 5.6 (Wilton), 0.7-0.3 (Ceramic) (C14uncal: 4.87±0.07, 0.75±0.05, 0.3±0.03)",
Hope Hill Shelter,HHS,-26.39776,28.92544,2,South Africa,Mpumalanga,S,Grassland,,,LSA*,,,,,,,,,,,,,,,,Wilton,,,Shelter,,,Wadley & Turner 1987; Wadley 1989,final LSA,,C14,,C14cal: 5.0,
Hout Bay Cave,HBC,-34.04100,18.34200,4,South Africa,Western Cape,W,Fynbos,,,LSA,,,,,,,,,,,,,,,,,,Ceramic LSA,Shelter,,,Buchanan 1977,,,C14,,"C14cal: 1.7, 1.4",
Howiesons Poort Shelter,HOW,-33.38757,26.48326,4,South Africa,Eastern Cape,Y,Albany Thicket,,MSA,,,,,,,,,,HP,,,,,,,,,,Shelter,,,Stapleton & Hewitt 1927; Stapleton & Hewitt 1928; Deacon 1995,,"typology, technology, miscellaneous finds, raw material",,undated,C14: unreliable,
iNkolimahashi Shelter,INS,-28.79506,30.18037,1,South Africa,KwaZulu-Natal,S,Savanna,,,LSA*,,,,,,,,,,,,,,,,,Final LSA,Ceramic LSA,Shelter,,,Mazel 1999,ceramic LSA,,C14,,"C14cal: 3.3-1.9 (FLSA), 1.5-0.4 (Ceramic)",
Iron Pig Rock Shelter,IPS,-25.96009,30.24234,2,South Africa,Mpumalanga,S,Grassland,,,LSA*,,,,,,,,,,,,,,Robberg,Oakhurst?,,,,Shelter,,,Bader et al. 2020,Robberg,,C14,,"C14: 16.8-15.5 (L5 - Robberg), 14.4-14.0 (L4 - Robberg), 10.4-9.7 (L3 - Oakhurst)",
Jagt Pan 1,JAG1,-30.47900,21.45770,3,South Africa,Northern Cape,S,Nama-Karoo,,,LSA*,,,,,,,,,,,,,,,,,Springbokoog,Swartkop,Open,Excavated,Rock art,Morris 1990b; Beaumont et al. 1995,,,C14,,"C14cal: 3.3, 0.5",
Jagt Pan 4,JAG4,-30.47900,21.45770,3,South Africa,Northern Cape,S,Nama-Karoo,,,LSA,,,,,,,,,,,,,,,,,,Swartkop,Open,Surface,,Morris 1990b; Beaumont et al. 1995,,,C14,,C14cal: 0.5,
Jagt Pan 7,JAG7,-30.47900,21.45770,3,South Africa,Northern Cape,S,Nama-Karoo,,,LSA,,,,,,,,,,,,,,,,,,Swartkop,Open,Excavated,Rock art,Morris 1990b; Parsons 2008,final LSA,,C14,,C14cal: 2.8-1.5 (formative Swartkop),
Jakkalsberg A,JKBA,-28.17871,16.88629,1,South Africa,Northern Cape,S,Desert,,,LSA,,,,,,,,,,,,,,,,,,Ceramic LSA,Open,Excavated,,Webley 1997; Orton & Halkett 2010,ceramic LSA,,C14,,C14cal: 1.2,
Jakkalsberg B,JKBB,-28.17871,16.88629,1,South Africa,Northern Cape,S,Desert,,,LSA,,,,,,,,,,,,,,,,,,Ceramic LSA,Open,Excavated,,Webley 1997; Orton & Halkett 2010,ceramic LSA,,C14,,C14cal: 1.2,
Jakkalsberg L,JKBL,-28.18092,16.88694,1,South Africa,Northern Cape,S,Desert,,,LSA*,,,,,,,,,,,,,,,,,Final LSA,,Open,Excavated,,Orton & Halkett 2010,final LSA,,C14,,C14cal: 3.5,
Jakkalsberg N,JKBN,-28.18072,16.88536,1,South Africa,Northern Cape,S,Desert,,,LSA*,,,,,,,,,,,,,,,,Wilton,,,Open,Excavated,,Orton & Halkett 2010,Wilton,,C14,,C14cal: 5.6-5.1,
Jojosi 1,JOJ,-28.14207,30.65173,1,South Africa,KwaZulu-Natal,S,Grassland,,MSA,,,,,,,Early MSA,,,,,,,,,,,,,Open,Surface/excavated,Erosional gully/donga,Will et al. 2024a; Mšller et al. 2025,,,,IRSL,IRSL: 139Ð106,
Jubilee Shelter,JBS,-25.69094,27.91261,2,South Africa,North West,S,Savanna,,MSA,LSA*,,,,,,,,,,,,Final MSA?,Early LSA,,Oakhurst,Wilton,,Ceramic LSA,Shelter,,,Wadley 1987; Wadley 1989; Wadley 1996,"Oakhurst, Wilton, ceramic LSA",,C14,,"C14cal: 9.5 (Oakhurst), 7.3-4.0 (Wilton), 1.7-1.2 (Ceramic)",
Kabeljous River Mouth,KJM,-34.01251,24.92941,3,South Africa,Eastern Cape,Y,Albany Thicket,,,LSA*,,,,,,,,,,,,,,,,,Final LSA,Ceramic LSA,Open,Excavated,Shell midden,Binneman 1995; Binneman 2005,"final LSA, Ceramic LSA",,C14,,C14cal: 2.6 (Cave 2B - FLSA) 1.4 (Cave 1A - Ceramic),
Kabeljous River Shelter,KJS,-33.96986,24.90678,2,South Africa,Eastern Cape,Y,Albany Thicket,,,LSA*,,,,,,,,,,,,,,,,Wilton,Final LSA,,Shelter,,,Binneman 1995; Binneman 2007,"Wilton, final LSA",,C14,,"C14cal: 6.5 (Wilton), 2.5 (FLSA)",
Kaingo Sheep Shelter,KAI,-24.07824,27.78674,2,South Africa,Limpopo,S,Savanna,,MSA,LSA*,genMSA,,,,,,,,,,,,,,,,Final LSA,Ceramic LSA,Shelter,,,Wadley et al. 2022,,,,"OSL, C14","OSL: 4.4±0.2, 0.9±0.9; C14: 1.7-1.8",
Kalkbank,KBA,-23.53421,29.35058,3,South Africa,Limpopo,S,Savanna,,MSA,,genMSA,,,,,,,,,,,,,,,,,,Open,Excavated,Pan,Mason et al. 1958; Mason 1962,,"typology, organic tools, raw material, technology, miscellaneous finds",,undated,,
Kalkgaten,KGA,-28.77830,21.37920,3,South Africa,Northern Cape,S,Nama-Karoo,ESA,MSA,,genMSA,,,Acheulean,,,,,,,,,,,,,,,Open,Excavated,Sand/calcified sedminents,Beaumont et al. 1995,,,,undated,,
Kamiebees 1,KMB,-30.05000,18.53333,3,South Africa,Northern Cape,Y,Succulent Karoo,,,LSA,,,,,,,,,,,,,,,,,,Swartkop?,Open,Surface,,Beaumont et al. 1995,,,C14,,C14cal: 0.4,
Kangkara,KRA,-33.79444,23.08333,2,South Africa,Western Cape,Y,Fynbos,,MSA,LSA*,genMSA,,,,,,,,,,,,,Robberg,Oakhurst,Wilton,,,Shelter,,,Deacon 1984; Carter et al. 1988,"Oakhurst, Wilton","raw material, miscellaneous finds, technology, typology",C14,,"C14cal: 14.4 (BBD/BHL - Robberg), 8.1 (PBW - Oakhurst), 7.5-6.1 (HBC, GBL - Wilton)",
Kareedoringvlei 2001/011 (KV502),KV11,-29.50083,17.05522,1,South Africa,Northern Cape,W,Succulent Karoo,,,LSA*,,,,,,,,,,,,,,,,,Group 1,,Open,Excavated,Shell midden,Dewar 2008; Orton 2012a,,,C14,,C14cal: 3.0,
Kareedoringvlei 2001/012,KV12,-29.50171,17.05532,1,South Africa,Northern Cape,W,Succulent Karoo,,,LSA*,,,,,,,,,,,,,,,,,Group 1,,Open,Excavated,Shell midden,Orton 2012a,,,C14,,"C14cal: 4.1 (Area A), 1.2-1.1 (Area B)",
Kasteelberg A,KSBA,-32.81432,17.94842,1,South Africa,Western Cape,W,Fynbos,,,LSA,,,,,,,,,,,,,,,,,,Ceramic LSA,Open,Excavated,,Smith 1987,ceramic LSA,,C14,,C14cal: 1.7-1.4,
Kasteelberg B,KSBB,-32.81345,17.95306,1,South Africa,Western Cape,W,Fynbos,,,LSA,,,,,,,,,,,,,,,,,,Ceramic LSA,Open,Excavated,,Smith 1987,ceramic LSA,,C14,,"C14cal: 1.2-0.8, 0.2",
Kasteelberg D,KSBD,-32.81501,17.94924,1,South Africa,Western Cape,W,Fynbos,,,LSA,,,,,,,,,,,,,,,,,,Ceramic LSA,Open,Excavated,,Sadr 2004,ceramic LSA,,C14,,C14cal: 1.6-1.4,
Kasteelberg E,KSBE,-32.81306,17.94828,1,South Africa,Western Cape,W,Fynbos,,,LSA,,,,,,,,,,,,,,,,,,Ceramic LSA,Open,Excavated,,Sadr 2004,ceramic LSA,,C14,,C14cal: 1.9-1.7,
Kasteelberg G,KSBG,-32.81216,17.95015,1,South Africa,Western Cape,W,Fynbos,,,LSA*,,,,,,,,,,,,,,,,Wilton,Final LSA,Ceramic LSA,Open,Excavated,,Sadr 2004,"Wilton, final LSA, ceramic LSA",,C14,,"C14cal: 5.2 (Wilton), 4.3-2.6 (FLSA), 2.0-1.4 (Ceramic)",
Kasteelberg M/N,KSBM,-32.81453,17.95102,1,South Africa,Western Cape,W,Fynbos,,,LSA,,,,,,,,,,,,,,,,,,Ceramic LSA,Open,Excavated,,Sadr et al. 2003,ceramic LSA,,C14,,"C14cal: 2.5 (M), 1.7-1.5 (N)",
Kathu Pan 1,KP1,-27.66689,23.00840,1,South Africa,Northern Cape,S,Savanna,ESA,MSA,LSA*,,genLSA,,Acheulean,Fauresmith,Early MSA,,,,,,,,,,,,,Open,Excavated,Pan,Beaumont & Morris 1990; Wadley 1993; Porat et al. 2010; Herries 2011; Wilkins 2013,"Fauresmith, early MSA","miscellaneous finds, raw material, technology, typology",,"ESR/US, OSL","ESR/US: 542+140/-107; OSL: 464±47 (Fauresmith), 291±45 (EMSA), 16.5±1.0, 10.0±0.6 (LSA)",
Kathu Pan 5,KP5,-27.66689,23.00774,1,South Africa,Northern Cape,S,Savanna,,MSA,LSA*,genMSA,,,,,,,,,,,,Early LSA,,,,,,Open,Excavated,Pan,Beaumont 1990a,"final MSA, early LSA","typology, technology, raw material, symbolic artifacts",,C14,"C14cal: 39-35, 33-29 (lower 2b), 25-23 (upper 2b), 7.2-6.6 (2a); (C14uncal: 32.1±0.78, 27.5±0.53, 26.93±0.75 (l2b), 19.8±0.28 (u2b), 5.98±0.12 (2a))",
Kathu Pan 6,KP6,-27.66985,23.01106,1,South Africa,Northern Cape,S,Savanna,,MSA,LSA*,,,,,,Early MSA,,,HP?,,,,,,,Wilton,,,Open,Excavated,Pan,Beaumont 1990a; Lukich et al. 2019; Lukich et al. 2020; Black et al. 2023,"early MSA, SB/HP, HP, Wilton, final LSA","miscellaneous finds, typology, technology, raw material",,TT-OSL/OSL,"OSL: 156±11, 121±6, 95±6, 100±6 (EMSA); 74±5, 55±7 (HP?)",
Kathu Pan 7,KP7,-27.66375,23.00972,1,South Africa,Northern Cape,S,Savanna,ESA,,LSA*,,,,Acheulean,,,,,,,,,,,,Wilton,,,Open,Excavated,Pan,Beaumont 1990a,,,,undated,,
Kathu Pan 8,KP8,-27.66940,23.01155,1,South Africa,Northern Cape,S,Savanna,,,LSA*,,,,,,,,,,,,,,,Oakhurst,Wilton,,,Open,Excavated,Pan,Beaumont 1990a,"Wilton, final LSA",,,C14,"C14cal: 8.6-8.4 (Str 2b, Oakhurst), 5.6-5.3 (overlying Wilton); (C14uncal: 7.7±0.08 (2b), 4.74±0.06 (base of Peat 3, Str1))",
Kathu Pan 9,KP9,-27.66929,23.01165,1,South Africa,Northern Cape,S,Savanna,ESA,MSA,,,,,,Fauresmith,,,,HP?,,,,,,,,,,Open,Excavated,Pan,Beaumont 1990a,early MSA,,,undated,,
Kathu Townlands,KAT,-27.69311,23.06750,1,South Africa,Northern Cape,S,Savanna,,MSA,,genMSA,,,Acheulean,,,,,,,,,,,,,,,Open,Excavated,Pan,Beaumont & Morris 1990; Walker et al. 2014,,"typology, technology, raw material",,undated,,
Keratic Koppie,KER,-22.23085,29.33007,1,South Africa,Limpopo,S,Savanna,ESA,MSA,,,,,,Sangoan?,Early MSA?,,,,,,,,,,,,,Open,Excavated,Lag gravel,Kuman et al. 2005b; Pollarolo et al. 2010b,,"raw material, typology, technology",,undated,,
Keurbos Cave,KEU,-30.46543,18.05251,3,South Africa,Northern Cape,W,Succulent Karoo,,MSA,LSA,genMSA,,,,,,,,,,,,,,,,,Ceramic LSA,Shelter,,,Webley 1992,,,,undated,,
Klasies River Cave 5,KR5,-34.11433,24.40086,1,South Africa,Eastern Cape,Y,Fynbos,,,LSA*,,,,,,,,,,,,,,,,,Final LSA,,Shelter,,,Singer & Wymer 1982; Binneman & Hall 1993,,"raw material, typology, technology",C14,,C14cal: 4.6-2.3,
"Klasies River Main (1, 1A & 2)",KRM,-34.10824,24.39040,1,South Africa,Eastern Cape,Y,Fynbos,,MSA,,,,,,,Early MSA,MIS5 MSA,,HP,postHP,,,,,,Wilton,,,Shelter,,,Singer & Wymer 1982; Deacon 1995; Feathers 2002; Wurz 2002; Villa et al. 2010; Tribolo et al. 2013; Nami et al. 2016; Jacobs & Roberts 2017; Wurz 2023,"Mossel Bay, MSA 5 MSA, preHP, HP, postHP, MSA IV","organic tools, miscellaneous finds, technology, typology, raw material",,"OSL, TL, C14","OSL/TL: 115-107 (EMSA), 101-77 (MIS5), 65.6-56.0 (HP), 60-50 (pHP); C14cal: 5.4-2.6 (Wilton); (C14uncal: 4.75±0.1 (LSAI), 2.53±0.09 (LSAII))",
Klein Kliphuis,KKH,-32.12042,18.90014,1,South Africa,Western Cape,W,Fynbos,,MSA,LSA*,,,,,,,,,HP,postHP,,Final MSA,Early LSA?,,,,Final LSA,Ceramic LSA,Shelter,,,Van Rijssen & Avery 1992; Jacobs et al. 2008a; Orton & Mackay 2008; Mackay 2010; Mackay 2011; Schmidt et al. 2024,"HP, postHP, final MSA","raw material, symbolic artifacts, technology, typology, miscellaneous finds",C14,OSL,"OSL: 66.0-59.7 (Dvii-Dvi7 - HP); 57.8-53.3 (Dvi6-Dvi1 - pHP); 33.3 (Dv-Dii - FMSA); C14cal: 37.4 (Dvi/D2 - FMSA), 22.6 (Di5 - LP LSA?), 1.9-1.1",
Kleinhoek 1,KLH,-32.00130,19.28543,1,South Africa,Western Cape,W,Succulent Karoo,,MSA,,,,,,,,,SB,,,,,,,,,,,Open,Surface,River terrace,Mackay et al. 2014; Mackay et al. 2018; Shaw et al. 2019; Shaw et al. 2021,,,,undated,,
Kleinjongensfontein,KLJ,-34.42026,21.28172,3,South Africa,Western Cape,Y,Fynbos,,MSA,,,,,,,,,SB,,,,,,,,,,,Open,Surface,Dunefield,J. Deacon 1979; Minichillo 2005,,,,undated,,
Klipdrift Cave,KDC,-34.45272,20.72876,1,South Africa,Western Cape,Y,Fynbos,,,LSA*,,,,,,,,,,,,,,,Oakhurst,,,,Shelter,,,Ryano et al. 2017,Oakhurst,,,C14,C14: 13.7-10.8,
Klipdrift Shelter,KDS,-34.45272,20.72876,1,South Africa,Western Cape,Y,Fynbos,,MSA,,,,,,,,,preHP?,HP,postHP,,,,,,,,,Shelter,,,Henshilwood et al. 2014; Douze et al. 2018,"preHP?, HP, postHP","animal remains, technology, human remains, miscellaneous finds, raw material, typology, symbolic artifacts",,OSL,OSL: 71.6±5.1 (pre/early HP); 65.5-59.4 (HP); 51.7±3.3 (pHP?),
Klipfonteinrand 1,KFR1,-32.07153,19.13000,1,South Africa,Western Cape,W,Fynbos,,MSA,LSA*,,,,,,Early MSA,MIS5 MSA,,HP,postHP?,,,,Robberg,Oakhurst,Wilton,,,Shelter,,,Parkington 1977; Thackeray 1977; Parkington 1980; Mackay 2016; Mackay et al. 2020; Mackay et al. 2023b,Robberg,"typology, miscellaneous finds, raw material, technology",C14,OSL,"OSL: 156±14 (PBS) (EMSA), 85±7 (GGLBS) (MIS5), 69±1 (BS) (HP), 57.0±3.2 (LGSS) (pHP?); 11.4±1.0 (LBS) 8.5±0.5 (pit) (LSA); AMS C14cal: 22.2-16.1 (Robberg), 16.5-13.5 (Oakhurst); C14cal: 10.0-9.4, 6.5-6.2 (Wilton) (C14uncal: 8.68±0.11, 5.57±0.07, Wilton)",
Klipfonteinrand 2,KFR2,-32.07086,19.12917,1,South Africa,Western Cape,W,Fynbos,,,LSA*,,,,,,,,,,,,,,,,Wilton,Final LSA,Ceramic LSA,Shelter,,,Nackerdien 1989,,,,C14,"C14cal: 5.0-3.6 (Wilton), 1.8-1.3 (FLSA) (C14uncal: 4.28±0.07, 3.48±0.05, 1.8±0.04, 1.43±0.05)",
Klipgats Pan,KLI,-30.03242,22.31609,2,South Africa,Northern Cape,S,Nama-Karoo,,,LSA,,,,,,,,,,,,,,,,,,Ceramic LSA,Open,Excavated,Pan,Orton & Parsons 2018,final LSA,,,C14,C14: 1.3-0.3,
Knysna Eastern Heads Cave 1,KEH,-34.08229,23.06577,1,South Africa,Western Cape,Y,Fynbos,,MSA,LSA*,,,,,,,,,,,,MIS3 MSA,Early LSA,Robberg,,,,,Shelter,,,Cleghorn et al. 2025; Watson et al. 2025,,,,"OSL, C14","OSL/C14: >45, 34.4-32.2 (DBS); 33.5-31.3, 29.7-27.0 (DS); 22.3-19.9, 28.6-26.0 (DHA); 21.1-18.9, 19.3-15.4 (OBS)",
Koingnaas 2001/008C (KN6-3C),KN8C,-30.22193,17.23831,1,South Africa,Northern Cape,W,Succulent Karoo,,,LSA*,,,,,,,,,,,,,,,,,Group 1,,Open,Excavated,Shell midden,Dewar 2008; Orton 2012a,,,C14,,"C14cal: 5.3-4.0, 3,5",
Koingnaas 2001/009,KN9,-30.22282,17.23993,1,South Africa,Northern Cape,W,Succulent Karoo,,,LSA,,,,,,,,,,,,,,,,,,Group 3,Open,Excavated,Shell midden,Orton 2012a,,,C14,,AMS C14cal: 0.6,
Koingnaas 2004/012,KN12,-30.23597,17.25017,1,South Africa,Northern Cape,W,Succulent Karoo,,,LSA,,,,,,,,,,,,,,,,,,Group 2,Open,Excavated,Shell midden,Orton 2012a,,,C14,,AMS C14cal: 1.4,
Koingnaas 2004/015E,KN15,-30.23593,17.24931,1,South Africa,Northern Cape,W,Succulent Karoo,,,LSA,,,,,,,,,,,,,,,,,,Ceramic LSA,Open,Excavated,Shell midden,Orton 2012a,,,C14,,AMS C14cal: 0.9,
Koingnaas 2005/040,KN40,-30.23494,17.24983,1,South Africa,Northern Cape,W,Succulent Karoo,,,LSA*,,,,,,,,,,,,,,,,,Group 1,,Open,Excavated,Shell midden,Orton 2012a,,,C14,,AMS C14cal: 2.8,
Koingnaas 2005/041,KN41,-30.23518,17.25001,1,South Africa,Northern Cape,W,Succulent Karoo,,,LSA,,,,,,,,,,,,,,,,,,Ceramic LSA,Open,Excavated,Shell midden,Orton et al. 2013,,,C14,,AMS C14cal: 1.5,
Koingnaas 2005/050,KN50,-30.23474,17.24961,1,South Africa,Northern Cape,W,Succulent Karoo,,,LSA*,,,,,,,,,,,,,,,,,Group 1,,Open,Excavated,Shell midden,Orton 2012a,,,C14,,AMS C14cal: 3.1,
Koingnaas 2005/054,KN54,-30.23688,17.24975,1,South Africa,Northern Cape,W,Succulent Karoo,,,LSA,,,,,,,,,,,,,,,,,,Group 3,Open,Excavated,Shell midden,Orton 2012a,,,C14,,AMS C14cal: 1.4,
Koingnaas 2005/067,KN67,-30.23966,17.25094,1,South Africa,Northern Cape,W,Succulent Karoo,,,LSA,,,,,,,,,,,,,,,,,,Group 2/3,Open,Excavated,Shell midden,Orton 2012a,,,C14,,AMS C14cal: 0.8-0.2,
Koingnaas 2005/135A,KN135A,-30.23488,17.24801,1,South Africa,Northern Cape,W,Succulent Karoo,,,LSA*,,,,,,,,,,,,,,,,,Group 1,,Open,Excavated,Shell midden,Orton 2012a,,,C14,,AMS C14cal: 2.6,
Koingnaas 2005/135B,KN135B,-30.23508,17.24801,1,South Africa,Northern Cape,W,Succulent Karoo,,,LSA,,,,,,,,,,,,,,,,,Group 1,,Open,Excavated,Shell midden,Orton 2012a,,,C14,,AMS C14cal: 0.4,
Komkans 2,KMK,-31.24251,18.05161,1,South Africa,Western Cape,W,Succulent Karoo,,,LSA,,,,,,,,,,,,,,,,,,Ceramic LSA,Shelter,,,Orton 2012a,,,C14,,"AMS C14cal: 1.3, 0.8-0.1",
Kranskop West 1,KKW,-30.20000,21.11667,3,South Africa,Northern Cape,S,Nama-Karoo,,MSA,LSA,,,,,,Early MSA,,,,,,,,,,,,Swartkop,Open,Surface,Rock art,Beaumont & Vogel 1989; Beaumont et al. 1995,,,C14,,C14cal: 0.4,
Kranskraal,KRK,-29.04909,26.43236,1,South Africa,Free State,S,Grassland,,MSA,,,,,,,,,preHP?,,,,,,,,,,,Open,Surface,Donga,Monteagudo et al. 2025,,,,undated,,
Kreefbaai C,KBC,-32.20972,18.32778,2,South Africa,Western Cape,W,Fynbos,,,LSA*,,,,,,,,,,,,,,,,,Final LSA,,Open,Excavated,Shell midden,Jerardino 1996,,,C14,,C14cal: 3.3-2.5,
Kromdraai B,KRO,-26.01118,27.75010,1,South Africa,Gauteng,S,Grassland,ESA,,,,,Oldowan,,,,,,,,,,,,,,,,Karst infill,,,Kuman et al. 1997; Thackeray 2002,,,,"PM, fauna",PM: 1.9 Ma,
Kruger Cave,KRU,-25.78457,27.25877,1,South Africa,North West,S,Savanna,,,LSA*,,,,,,,,,,,,,,,Oakhurst,,,,Shelter,,,Mason 1988; Wadley 1993; Bradfield et al. 2022,"Oakhurst, final LSA",,C14,,"C14cal: 12.2-11.6 (Lens 1 - Oakhurst), 11.1-6.1 (Lens 2 - late Oakhurst)",
Kudu Koppie,KUD,-22.22788,29.33968,1,South Africa,Limpopo,S,Savanna,ESA,MSA,,,,,Acheulean,,Early MSA,,,,,,,,,,,,,Open,Excavated,Talus deposit,Pollarolo et al. 2010b; Wilkins et al. 2010,,"typology, technology, raw material",,OSL,"OSL: 15.0±0.8, 2.7±0.7 (overlying sand mantle, overdispersed)",
Kuidas Springs,KUI,-20.40872,14.10319,3,Namibia,Kunene,S,Desert,,,LSA,,,,,,,,,,,,,,,,,,Ceramic LSA,Shelter,,,Veldman 2014; Veldman et al. 2017,ceramic LSA,,,AMS C14,AMS C14: 2.2-1.5 (KRS 2),
KwaThwaleyakhe,KWT,-28.91361,30.44361,2,South Africa,KwaZulu-Natal,S,Savanna,,,LSA*,,,,,,,,,,,,,,,,,Final LSA,Ceramic LSA,Shelter,,,Mazel 1993,,,C14,,"C14cal: 4.2 (L8), 3.4 (L6), 2.7 (L4), 1.2 (L2)",
Lambert's Bay Dump,LBD,-32.10889,18.30417,2,South Africa,Western Cape,W,Fynbos,,,LSA*,,,,,,,,,,,,,,,,,Final LSA,,Open,Excavated,Shell midden,Jerardino 2010,,,C14,,C14cal: 2.8,
Lame Sheep Shelter,LSS,-31.44868,24.65344,2,South Africa,Northern Cape,S,Nama-Karoo,,,LSA,,,,,,,,,,,,,,,,,,Ceramic LSA,Shelter,,,Plug 1993; Sampson & Vogel 1995; Bollong & Sampson 1996,,,C14,,C14cal: 1.2-1.0,
Langdam 9,LGD,-32.41667,18.33333,2,South Africa,Western Cape,W,Fynbos,,,LSA*,,,,,,,,,,,,,,,,,Final LSA,,Open,Excavated,Shell midden,Jerardino 1996,,,C14,,C14cal: 2.1,
Langklip 2001/003 (Rooiwal Midden),LK3,-30.45128,17.34819,1,South Africa,Northern Cape,W,Succulent Karoo,,,LSA,,,,,,,,,,,,,,,,,,Group 3,Open,Excavated,Shell midden,Orton et al. 2005,,,C14,,C14cal: 1.0,
Langklip 2001/004 (Rooiwal Hollow),LK4,-30.45125,17.34874,1,South Africa,Northern Cape,W,Succulent Karoo,,,LSA,,,,,,,,,,,,,,,,,,Group 3,Open,Excavated,Shell midden,Orton et al. 2005,,,C14,,C14cal: 2.6-2.3,
Langklip 2001/013 (LK5-1),LK13,-30.37765,17.30845,1,South Africa,Northern Cape,W,Succulent Karoo,,,LSA*,,,,,,,,,,,,,,,,,Final LSA,,Open,Excavated,Shell midden,Dewar 2008,,,C14,,"C14cal: 3.0, 2.1, 1.4",
Langklip 2001/015,LK15,-30.36062,17.29333,1,South Africa,Northern Cape,W,Succulent Karoo,,,LSA,,,,,,,,,,,,,,,,,,Ceramic LSA,Open,Excavated,Shell midden,Orton 2012a,,,C14,,AMS C14cal: 0.4,
Langklip 2004/011 (Penguin midden),LK11,-30.36951,17.30048,1,South Africa,Northern Cape,W,Succulent Karoo,,,LSA,,,,,,,,,,,,,,,,,,Group 3,Open,Excavated,Shell midden,Dewar 2008,,,C14,,AMS C14cal: 1.0-0.6,
Langklip 2004/011B,LK11B,-30.36968,17.30038,1,South Africa,Northern Cape,W,Succulent Karoo,,,LSA,,,,,,,,,,,,,,,,,,Group 3,Open,Excavated,Shell midden,Orton 2012a,,,C14,,AMS C14cal: 0.8,
Leeuklip Se Kop Cave,LKC,-29.86667,18.50000,3,South Africa,Northern Cape,Y,Nama-Karoo,,,LSA,,,,,,,,,,,,,,,,,,Doornfontein,Shelter,,Rock art,Beaumont & Vogel 1989,,,C14,,C14cal: 0.3,
Leholamogoa,LHM,-23.26782,28.82556,1,South Africa,Limpopo,S,Savanna,,,LSA*,,,,,,,,,,,,,,,,,Final LSA,Ceramic LSA,Shelter,,,Bradfield et al. 2009,"final LSA, Ceramic LSA",,C14,,"C14cal: 2.1 (L5), 0.3-0.2 (L2)",
Leliehoek,LEL,-29.20392,27.44208,2,South Africa,Free State,S,Grassland,,,LSA*,,,,,,,,,,,,,,,,Wilton,Final LSA,,Shelter,,,Esterhuysen et al. 1994,Wilton,,C14,,C14cal: 5.9-5.5 (Wilton),
Leopard Cave,LEO,-21.57282,15.55499,1,Namibia,Erongo,S,Savanna,,,LSA*,,,,,,,,,,,,,,,,,Final LSA,,Shelter,,,Pleurdeau et al. 2012; Mauran et al. 2020; Mesfin & Pleurdeau 2023,"LSA, final LSA",,C14,,"C14cal: 3.4, 2.5-2.2",
Likoaeng,LIK,-29.73997,28.76204,2,Lesotho,Thaba-Tseka,S,Grassland,,,LSA*,,,,,,,,,,,,,,,,,Final LSA,Ceramic LSA,Open,Excavated,River/talus deposit,Mitchell 2009; Mitchell et al. 2011,"final LSA, Ceramic LSA",,C14,,"C14cal: 3.5-1.7 (FLSA), 1.2 (Ceramic)",
Limerock (1 & 2),LIM,-28.55158,24.01373,2,South Africa,Northern Cape,S,Savanna,,,LSA,,,,,,,,,,,,,,,,,,Ceramic LSA,Shelter,,,Humphreys & Thackeray 1983; Vogel et al 1986,final LSA,,C14,,"C14cal: 1.5 (Limerock 1); 1.6, 1.3 (Limerock 2)",
Lincoln Cave,LIN,-26.01590,27.73462,2,South Africa,Gauteng,S,Grassland,,MSA,,,,,,,Early MSA,,,,,,,,,,,,,Shelter,,,Reynolds et al. 2007,"early MSA, MSA","technology, typology, raw material",,US,"US: 252.6±35.6 (below), 115.3±7.7 (capping)",
Lion Cavern (Ngwenya),LIO,-26.19256,31.03051,1,Eswatini,Hhohho,S,Grassland,,MSA,LSA*,genMSA,genLSA,,,,,,,,,,,,,,,,,Shelter,,Ochre mine,Dart & Beaumont 1969; Vogel 1970; Dart & Beaumont 1971; MacDonald et al. 2024,"late MSA, final MSA","typology, feature, raw material, technology, miscellaneous finds",C14,"C14, OSL","C14: 46.7-45.8, 32.4-31.3 (1970), 12.6-11.9 (2024); OSL: 39.0±2.6-29.1±1.7, 8.3±0.6, 3.6±0.3 (no details on associated archaeological material)",
Liphofung,LIP,-28.75366,28.49469,1,Lesotho,Butha-Buthe,S,Grassland,,,LSA*,,,,,,,,,,,,,,,Oakhurst,Wilton,Final LSA,,Shelter,,,Kaplan & Mitchell 2012,final LSA,,C14,,"C14cal: 8.0, 5.0, 2.8 (stratigraphy noted to be disturbed)",
Lithakong,LIT,-29.40920,28.14060,3,Lesotho,Maseru,S,Grassland,,,LSA*,,,,,,,,,,,,,,,,Wilton,,Ceramic LSA,Shelter,,,Kaplan & Mitchell 2012,,,C14,,"C14cal: 5.5 (L3), 0.8-0.5 (L2-1)",
Little Witkrans,LWK,-27.62632,24.62581,2,South Africa,North West,S,Savanna,,,LSA*,,,,,,,,,,,,,,,,Wilton,Final LSA,Ceramic LSA,Shelter,,,Humphreys & Thackeray 1983,"Wilton, final LSA",,C14,,"C14cal: 8.2, 5.4, 1.7, 1.3",
Lovedale,LOV,-28.90065,25.68547,1,South Africa,Free State,S,Grassland,,MSA,LSA*,,,,,,,,preHP,,,,,,,Lockshoek,,,,Open,Excavated,River terrace/donga,Wroth et al. 2022; Richard et al. 2023; Monteagudo et al. 2025,SB,,,"OSL, ESR",OSL: 77±7-56±6; ESR: 64±2 (weighted min. age),
Lower Numas Cave (Numas Schlucht NV3),NUM,-21.11649,14.41636,2,Namibia,Erongo,S,Desert,,,LSA*,,,,,,,,,,,,,,,,Wilton,,Ceramic LSA,Shelter,,,Jacobson 1978; Vogel & Visser 1981,,,C14,,"C14cal: 5.5-3.0, 0.4",
Mafusing 1,MAF,-30.16639,28.61694,1,South Africa,Eastern Cape,S,Grassland,,,LSA*,,,,,,,,,,,,,,,,Wilton,Final LSA,,Shelter,Excavated,,Pinto et al. 2018,"Wilton, final LSA",,,C14,"C14: 8-7.8 (Ia), 2.7-2.4 (Ib), <2 (II)",
Malkoppan,MKP,-32.13443,18.30533,2,South Africa,Western Cape,W,Fynbos,,,LSA*,,,,,,,,,,,,,,,,,Final LSA,,Open,Excavated,Shell midden,Jerardino 2010,final LSA,,C14,,"C14cal: 4.7, 2.5",
Malony's Kloof,MAL,-28.36978,24.16671,1,South Africa,Northern Cape,S,Savanna,,,LSA*,,,,,,,,,,,,,Early LSA,,,,Final LSA,,Shelter,,,Herries et al. 2007; Espino 2019,LSA,,,C14,C14: 30.6-29.1 (A15); 22.1-21.2 (B1); 2.2-1.9 (A9); 2.1-1.8 (A6),
Maqonqo Shelter,MQQ,-28.34236,30.42374,2,South Africa,KwaZulu-Natal,S,Grassland,,,LSA*,,,,,,,,,,,,,,,,Wilton,,,Shelter,,,Mazel 1996,Wilton,,C14,,"C14cal: 9.7-7.2 (L14-11), 6.4-4.6 (L8-4), 4.5-3.8 (L3-2)",
Maropeng,MAR,-25.96808,27.66216,2,South Africa,Gauteng,S,Savanna,ESA,,,,,,Acheulean,,,,,,,,,,,,,,,Open,Excavated,Colluvium,Pollarolo et al. 2010a,,,,undated,,
Marshill,MSH,-31.12500,27.25000,3,South Africa,Eastern Cape,S,Grassland,,MSA,LSA,genMSA,,,,,,,,,,,,,,,,,Ceramic LSA,Shelter,,,de la Pe–a & Witelson 2020; Dorado-Alejos et al. 2025,,,,C14,C14: 1.2-0.9,
Masitise,MST,-30.40525,27.64308,3,Lesotho,Quthing,S,Grassland,,,LSA*,,,,,,,,,,,,,,,Oakhurst,,Final LSA,,Shelter,,,Mitchell et al. 1994,,,C14,,C14cal: 3.6 (FLSA),
Matjies River,MTR,-34.00178,23.46877,1,South Africa,Western Cape,Y,Forest,,,LSA*,,,,,,,,,,,,,,,Oakhurst,Wilton,,,Shelter,,,Dšckel 1998; Sealy et al. 2006,"Oakhurst, Wilton",,C14,,"C14cal: 13.2-10.8 (Oakhurst), 8.8-8.2 (Oakhurst?), 8.6-5.3, 3.8 (Wilton)",
Mauermanshoek,MMH,-28.85217,27.23233,2,South Africa,Free State,S,Grassland,,,LSA*,,,,,,,,,,,,,,,,,Final LSA,Ceramic LSA,Shelter,,,Wadley 2001,"final LSA, Ceramic LSA",,C14,,"C14cal: 3.8. 1.6, 0.2",
Mbabane Shelter,MBB,-28.75576,30.37417,2,South Africa,KwaZulu-Natal,S,Savanna,,,LSA,,,,,,,,,,,,,,,,,,Ceramic LSA,Shelter,,,Mazel 1986a,ceramic LSA,,C14,,C14cal: 1.3-0.5,
Meerkat Shelter,MEE,-31.15637,25.06596,2,South Africa,Northern Cape,S,Grassland,,,LSA,,,,,,,,,,,,,,,,,,Ceramic LSA,Shelter,,,Bousman 1991,,,C14,,"C14cal: 2.4, 1.0, 0.8",
Meerlust 1,MRL,-27.65000,22.43333,3,South Africa,Northern Cape,S,Savanna,,,LSA*,,,,,,,,,,,,,,,,Wilton,,Ceramic LSA,Open,Excavated,Rock art,Beaumont & Vogel 1989,,,C14,,"C14cal: 2.4 (Wilton), 0.6-0.2 (Ceramic)",
Melikane,MEL,-29.94932,28.73233,1,Lesotho,Qacha's Nek,S,Grassland,,MSA,LSA*,,,,,,,MIS5 MSA,,HP,postHP?,Late MSA,,Early LSA,Robberg,,,Final LSA,,Shelter,,,Vogel et al. 1986; Mitchell 1992; Stewart et al. 2012; Stewart et al. 2016; Jacobs & Roberts 2017; Pazan et al. 2022; Pazan et al. 2023,"preSB, HP, postHP, final MSA, early LSA","typology, technology, raw material",C14,"OSL, AMS C14","OSL: 83.2±6.3 (MIS5), 61±3 (Layer 25-23) (HP); OSL: 50±1.9, 53.8±3.2, 45.9±3.8, 41.3±3; AMS C14: 41.4-40.0 (Layer 6), 43.2-42.3 (Layers 7-14) (Late MSA); OSL: 27.1±1.8; C14: 24.2-23.6 (contexts 6-8) (ELSA); 24.1-23.3 (context 5) (Robberg); 3.3-1.3 (FLSA)",
Melkboom 1,MLB,-29.02848,21.01362,1,South Africa,Northern Cape,S,Nama-Karoo,,,LSA,,,,,,,,,,,,,,,,,,Doornfontein,Open,Surface,Rock art,Beaumont et al. 1995; Lombard & Parsons 2008,ceramic LSA,,C14,,C14cal: 0.5-0.4,
Melkbosstrand,MBS,-33.73333,18.45000,2,South Africa,Western Cape,W,Fynbos,,,LSA,,,,,,,,,,,,,,,,,,Ceramic LSA,Open,Excavated,Shell midden,Sealy et al. 2004,ceramic LSA,,C14,,C14cal: 1.7,
Melkhoutboom,MHB,-33.28990,25.76569,2,South Africa,Eastern Cape,Y,Fynbos,,,LSA*,,,,,,,,,,,,,,Robberg,Oakhurst,Wilton,Final LSA,Ceramic LSA,Shelter,,,Hewitt 1931; Deacon 1976,"Robberg, Oakhurst, Wilton, final LSA",,C14,,"C14cal: 18.6 (Robberg), 12.3-8.4 (Robberg), 8.1-6.7 (Wilton), 3.0 (FLSA)",
Mertenhof 1,MER,-32.15646,19.18242,1,South Africa,Western Cape,W,Fynbos,,MSA,LSA*,,,,,,,MIS5 MSA,SB,HP,postHP,Late MSA,,,Robberg,,Wilton,,,Shelter,,,Will et al. 2015; Mackay 2016; Mackay et al. 2023a; Will et al. 2024b,Robberg,,,OSL,"OSL: 50.9±2.4 (DG), 49.0±2.3 (LR), 40.7±1.9 (LG), 37.5±1.8, 37.2 ±1.5 (CWGA) (LateMSA); 23.1±1.0 (VDGS), 21.6±0.9 (RGBS) (Robberg)",
Messum,MSS,-21.36667,14.28333,3,Namibia,Erongo,S,Desert,,,LSA*,,,,,,,,,,,,,,,,,Final LSA,Ceramic LSA,Shelter,,,Freundlich et al. 1980; Richter 1984,,,C14,,"C14cal: 2.9-2.0, 0.7",
Mgede Shelter,MGD,-28.17000,29.68722,2,South Africa,KwaZulu-Natal,S,Grassland,,,LSA*,,,,,,,,,,,,,,,,Wilton,,Ceramic LSA,Shelter,,,Mazel 1986b,"Wilton, ceramic LSA",,C14,,"C14cal: 7.4. 5.0 (Wilton), 0.7, 0.1 (Ceramic)",
Mhlwazini,MWZ,-29.04791,29.38970,3,South Africa,KwaZulu-Natal,S,Grassland,,,LSA*,,,,,,,,,,,,,,,,,Final LSA,Ceramic LSA,Shelter,,,Mazel 1990,,,C14,,"C14cal: 2.8-2.2, 0.6-0.4",
Mike Taylor's Midden,MTM,-32.33685,18.31671,1,South Africa,Western Cape,W,Fynbos,,,LSA*,,,,,,,,,,,,,,,,,Final LSA,,Open,Excavated,Shell midden,Jerardino 1996,,,C14,,C14cal: 2.9-0.9,
Mirabib Hill,MBH,-23.45467,15.35393,3,Namibia,Erongo,S,Desert,,,LSA*,,,,,,,,,,,,,,LP LSA,Oakhurst,Wilton,Final LSA,Ceramic LSA,Shelter,,,Sandelowsky 1977; Vogel & Visser 1981; Marks 2018,,,C14,"OSL, AMS C14","OSL: 19.5±1.4 (G), 10.7±0.9 (F), 7.22±0.6 (E-D)",
Mitasrust,MIT,-28.98733,26.39452,1,South Africa,Free State,S,Grassland,,MSA,,,,,,,,,preHP?,,,,,,,,,,,Open,Surface,Donga,Monteagudo et al. 2025,,,,undated,,
Mitchell's Bay 2005/001E,MB1E,-30.46872,17.36072,1,South Africa,Northern Cape,W,Succulent Karoo,,,LSA*,,,,,,,,,,,,,,,,,Group 1,Group 3,Open,Excavated,Shell midden,Orton 2007,,,C14,,"AMS C14cal: 4.7-4.2, 2.9-2.1",
Mitchell's Bay 2005/005 (Seal midden),MB5,-30.46832,17.36006,1,South Africa,Northern Cape,W,Succulent Karoo,,,LSA*,,,,,,,,,,,,,,,,Wilton,Group 1,Group 3,Open,Excavated,Shell midden,Dewar 2008,,,C14,,"AMS C14cal: 6.1 (B), 2.6-2.2 (A)",
Mitchell's Bay 2005/013,MB13,-30.46469,17.36128,1,South Africa,Northern Cape,W,Succulent Karoo,,,LSA,,,,,,,,,,,,,,,,,Group 1,,Open,Excavated,Shell midden,Orton 2012a,,,C14,,AMS C14cal: 0.6,
Mitchell's Bay 2005/016,MB16,-30.46400,17.36100,3,South Africa,Northern Cape,W,Succulent Karoo,,,LSA*,,,,,,,,,,,,,,,,,Final LSA,,Open,Excavated,Shell midden,Orton 2007,,,C14,,"AMS C14cal: 3.3, 2.9",
Mitchell's Bay 2005/027,MB27,-30.46520,17.36154,1,South Africa,Northern Cape,W,Succulent Karoo,,,LSA,,,,,,,,,,,,,,,,,,Group 3,Open,Excavated,Shell midden,Orton 2012a,,,C14,,AMS C14cal: 0.6,
Mitchell's Bay 2005/028A,MB28A,-30.46539,17.36121,1,South Africa,Northern Cape,W,Succulent Karoo,,,LSA,,,,,,,,,,,,,,,,,,Group 3,Open,Excavated,Shell midden,Orton 2012a,,,C14,,AMS C14cal: 0.6,
Mitchell's Bay 2005/059,MB59,-30.46422,17.36117,1,South Africa,Northern Cape,W,Succulent Karoo,,,LSA*,,,,,,,,,,,,,,,,,Final LSA,,Open,Excavated,Shell midden,Orton 2012a,,,C14,,AMS C14cal: 2.7,
Mitchell's Bay 2005/119,MB119,-30.46072,17.36451,1,South Africa,Northern Cape,W,Succulent Karoo,,,LSA,,,,,,,,,,,,,,,,,,Ceramic LSA,Open,Excavated,Shell midden,Dewar 2008,,,C14,,AMS C14cal: 0.7,
Moffys Dam 2,MFY,-30.50000,21.51667,3,South Africa,Northern Cape,S,Nama-Karoo,,,LSA,,,,,,,,,,,,,,,,,,Swartkop,Open,Surface,Rock art,Beaumont & Vogel 1989,,,C14,,C14cal: 1.3,
Montagu Cave,MON,-33.83315,20.17348,1,South Africa,Western Cape,Y,Fynbos,ESA,MSA,LSA*,,,,Acheulean,,,,,HP,,Late MSA,,,,,Wilton,,,Shelter,,,Vogel & Waterbolk 1967; Keller 1973; Volman 1981; Archer et al. 2023; Watson et al. 2023,,"feature, typology, miscellaneous finds, technology, raw material",C14,OSL,"OSL: 243±36 (L22); 222±31 (L21) (Late Acheulean); C14cal: 49.5, 27.5 (minimum Late MSA), 7.9 (Wilton)",
Moshebi's Shelter,MOS,-29.93898,29.03068,3,Lesotho,Qacha's Nek,S,Grassland,,MSA,LSA*,,,,,,,,preHP,HP,postHP,,,,Robberg,Oakhurst,,Final LSA,Ceramic LSA,Shelter,,,Vogel et al. 1986; Mitchell 1992; Mitchell et al. 2022,final LSA,"miscellaneous finds, raw material, typology, technology",,C14,"C14: 5.3-4.7, 2.3",
Muela ('Muela),MEU,-28.76816,28.46339,1,Lesotho,Butha-Buthe,S,Grassland,,,LSA,,,,,,,,,,,,,,,,,,Ceramic LSA,Shelter,,,Kaplan & Mitchell 2012,ceramic LSA,,C14,,C14cal: 0.6-0.2,
Muirton,MUI,-28.54081,24.16575,1,South Africa,Northern Cape,S,Savanna,ESA,,,,,,Acheulean,,,,,,,,,,,,,,,Open,,River gravels,Helgren 1978; Underhill 2012,,"technology, raw material, typology",,undated,,
"Munro Site, Oppermansdrift",MRO,-27.67419,25.62115,2,South Africa,Free State,S,Savanna,ESA,,LSA,,,,Acheulean,,,,,,,,,,,,,,Ceramic LSA,Open,Surface/excavated,Donga,Vogel & Waterbolk 1967; Mason 1969,,,C14,,"C14cal: 1.0, 0.3 (0.7 burial)",
Mwulu's Cave,MWU,-24.17714,29.23670,2,South Africa,Limpopo,S,Grassland,,MSA,,,,,,,,Pietersburg,,,,,,,,,,,,Shelter,,,Tobias 1949; Tobias 1954; Vogel et al. 1986; de la Pe–a et al. 2018; de la Pe–a et al. 2023,Pietersburg,"technology, raw material, typology, miscellaneous finds",,IRSL,IRSL: 90,
Mzinyashana Shelter,MZY,-28.31468,30.47290,1,South Africa,KwaZulu-Natal,S,Grassland,,,LSA*,,,,,,,,,,,,,,,,Wilton,Final LSA,Ceramic LSA,Shelter,,,Mazel 1997,"Wilton, final LSA, ceramic LSA",,C14,,"C14cal: 4.6-4.4 (Wilton), 3.0-2.2 (FLSA), 1.4-0.7 (Ceramic)",
Nakop,NAK,-28.09271,20.03012,2,South Africa,Northern Cape,S,Nama-Karoo,ESA,,,,,,,Victoria West,,,,,,,,,,,,,,Open,Surface,Sand/gravels,Goodwin 1933; Brain & Mason 1955,,,,undated,,
Namtib,NTB,-26.03192,16.25208,3,Namibia,||Karas,S,Desert,,,LSA*,,,,,,,,,,,,,,,,Wilton,,,Shelter,,,Wendt 1972; Freundlich et al. 1980; Vogel & Visser 1981,,,C14,,C14cal: 9.1-8.3,
Nauga,NAU,-29.33700,22.33300,3,South Africa,Northern Cape,S,Nama-Karoo,,,LSA,,,,,,,,,,,,,,,,,,Doornfontein,Open,Excavated,Ochre mine,Beaumont & Vogel 1989; Morris 1990c,final LSA,,C14,,C14cal: 1.5,
Nelson Bay Cave,NBC,-34.10299,23.38597,1,South Africa,Western Cape,Y,Fynbos,,MSA,LSA*,,,,,,Early MSA,MIS5 MSA,,HP,,,,,Robberg,Oakhurst,Wilton,Final LSA,Ceramic LSA,Shelter,,,Fairhall & Young 1973; Fairhall et al. 1976; J. Deacon 1979; Deacon 1984; Inskeep 1987; Loftus et al. 2016; Deacon & Volman 2023,"Robberg, Oakhurst, Wilton, final LSA, ceramic LSA","typology, miscellaneous finds, raw material, technology",C14,,C14cal: 28.4 (MSA min.); AMS C14cal: 23.0-12.3 (Robberg); 14.5-9.4 (Oakhurst); 9.2-5.5 (Wilton); C14cal: 3.5-1.8 (FLSA); 1.3-0.6 (Ceramic),
Nkupe Shelter,NKP,-28.14718,29.94110,2,South Africa,KwaZulu-Natal,S,Grassland,,,LSA*,,,,,,,,,,,,,,,,Wilton,Final LSA,,Shelter,,,Mazel 1988a,"Wilton, final LSA",,C14,,"C14cal: 7.5-4.3 (Wilton), 3.4-2.5 (FLSA)",
Nooitgedacht 2,NGD2,-28.60813,24.61983,1,South Africa,Northern Cape,S,Savanna,ESA,,,,,,,Fauresmith,,,,,,,,,,,,,,Open,,Sand/gravels,Beaumont & Morris 1990; Underhill 2012,,,,undated,,
Nooitgedacht 3,NGD3,-28.59899,24.60933,2,South Africa,Northern Cape,S,Savanna,,MSA,,,,,,,,,,,MSA3?,,,,,,,,,Open,,Sand/gravels,Beaumont & Morris 1990,,,,undated,,
Norlim 5,NRM,-27.61521,24.63361,2,South Africa,North West,S,Savanna,,,LSA,,,,,,,,,,,,,,,,,,Ceramic LSA,Open,Surface,,Beaumont & Vogel 1984,,,C14,,C14cal: 0.4,
North Brabant (New Belgium 608),NBA,-23.92127,28.10834,2,South Africa,Limpopo,S,Savanna,,MSA,LSA*,genMSA,,,,,,,,,,,,,,,,Final LSA,,Shelter,,,Schoonraad & Beaumont 1968; Van der Ryst 2006,final LSA,,C14,,C14cal: 0.3-0.2,
Northcliff 2 (Aasvo‘lkop),NOR,-26.13775,27.96888,2,South Africa,Gauteng,S,Grassland,ESA,MSA,,genMSA,,,Acheulean,,,,,,,,,,,,,,,Open,Surface,Hillsurface rubble,Beaumont 1969; Mason 1962,,"typology, raw material, technology",,undated,,
Nos,NOS,-25.35431,15.25280,3,Namibia,Kunene,S,Desert,,,LSA*,,,,,,,,,,,,,Early LSA,,,,Final LSA,,Shelter,,,Vogel & Visser 1981; Bousman & Brink 2018,,,,C14,C14: 26.9-25.9 (ELSA); C14cal: 0.4 (FLSA),
Ntloana Tsoana,NTL,-29.32634,27.81842,2,Lesotho,Maseru,S,Grassland,,MSA,LSA*,,,,,,,,,HP,postHP,,,MSA/LSA,Robberg,Oakhurst,,Final LSA,,Shelter,,,Mitchell & Steinberg 1992; Mitchell 1993a; Jacobs et al. 2008a; Mitchell & Arthur 2012; Roberts et al. 2013; Jacobs & Roberts 2017; Arthur 2018; Arthur 2022; Dewar et al. 2024,"HP, postHP, Oakhurst","technology, raw material, miscellaneous finds, typology",C14,"OSL, AMS C14","OSL: 60.9±2.8, 59.8±3.2, 61.1±3.7 (CBS/Phase 7, HP); 56±1.8, 57.8±3.2, 53.4±3.0 (HBL/Phase 7a/6b, pHP);  32.8±1.7, 32.9±1.9, 29.9±1.5, 27.5±1.3 (GWS/Phase6, MSA/LSA); AMS C14: 14.8-13.4,(BLOS/Phase 5b, Robberg), 11.1-10.8 (Phase 4), 10.9-9.2 (Phase 3) (Oakhurst)",
Nuwedam A,NWD,-32.35600,18.32934,2,South Africa,Western Cape,W,Fynbos,,,LSA,,,,,,,,,,,,,,,,,,Ceramic LSA,Open,Surface,Shell midden,Jerardino 1996,,,C14,,C14cal: 0.9,
Nyonyane,NYO,-26.44658,31.18214,3,Eswatini,Hhohho,S,Savanna,,,LSA*,,,,,,,,,,,,,,,Oakhurst,,Final LSA,,Shelter,,,Barham 1989a; Barham 1989b,,,C14,,"C14cal: 12.8-9.0 (Oakhurst), 3.5 (FLSA)",
Oakhurst,OAK,-33.97317,22.72243,2,South Africa,Western Cape,Y,Fynbos,,,LSA*,,,,,,,,,,,,,,,Oakhurst,Wilton,Final LSA,,Shelter,,,Fagan 1960; Schrire 1962; J. Deacon 1979; Patrick 1989,"Oakhurst, Wilton",,C14,,"C14cal: 10.0 (Oakhurst), 9.2, 8.7-3.7 (Wilton); burials: 10.2, 7.1-4.6, 2.0",
Oakleigh Farm QOB,OLF,-31.80227,26.89993,2,South Africa,Eastern Cape,S,Grassland,,MSA,LSA,,,,,,,,,HP?,,,,,,,,,Ceramic LSA,Shelter,,,Derricourt 1977,,,,C14,C14: 1.9-0.4,
Observatory Shelter,OBS,-32.32121,20.44511,2,South Africa,Northern Cape,Y,Fynbos,,,LSA*,,,,,,,,,,,,,,,,,Final LSA,Ceramic LSA,Shelter,,,Lloyd Evans et al. 1985,,,,undated,,
Olieboomspoort,OBP,-23.87855,27.63834,1,South Africa,Limpopo,S,Savanna,ESA,MSA,LSA*,,,,Acheulean,,Early MSA,,,,,,,,,,Wilton,Final LSA,,Shelter,,,Mason 1962; van der Ryst 2006; Mitchell 2008; Val et al. 2021; Val et al. 2023,Pietersburg,"technology, raw material, typology, miscellaneous finds",,"US, ESR","US, ESR: 150±12, 149±15",
Olifants River,OLI,-32.22768,18.91736,2,South Africa,Western Cape,W,Fynbos,ESA,,,,,,Acheulean,,,,,,,,,,,,,,,Open,Surface,River,Hallinan & Parkington 2017,,,,undated,,
Olyven Kolk,OVK,-29.46700,20.86662,3,South Africa,Northern Cape,S,Nama-Karoo,ESA,MSA,,genMSA,,,Acheulean,,,,,,,,,,,,,,,Open,Surface,Pan,Beaumont et al. 1995,,,,undated,,
Omungunda 99,OMU,-17.79926,13.68853,2,Namibia,Kunene,S,Savanna,,,LSA*,,,,,,,,,,,,,,LP LSA,Oakhurst,,Final LSA,Ceramic LSA,Shelter,,,Vogelsang & Eichhorn 2011,"Robberg, Oakhurst, final LSA, ceramic LSA",,,C14,"C14: 14.1 (Phase 10, LP Microlithic), 12.6-12.1 (Phase 9, LP Macrolithic), 9.1-7.8 (Phase 8, Microlithic LSA), 5.7-5.3 (Phase 7, Macrolithic LSA), 2.6-2.2 (Phase 6-5, Microlithic final LSA), 2.0-1.0 (Phase 4-2, Ceramic LSA)",
Orange Springs,ORS,-29.11737,27.38249,2,South Africa,Free State,S,Grassland,,,LSA*,,,,,,,,,,,,,,,,,Final LSA,,Shelter,,,Wadley 1995; Thorp 1996,final LSA,,C14,,C14cal: 2.9,
Orangia 1,ORA,-29.97838,24.78199,2,South Africa,Free State,S,Grassland,,MSA,,,,,,,,,,,,Orangian,,,,,,,,Open,Excavated,River terrace,Sampson 1968,,"raw material, typology, technology, feature",,undated,,
Oruwanje 95,ORU,-18.27048,13.52373,1,Namibia,Kunene,S,Savanna,,,LSA*,,,,,,,,,,,,,,,Oakhurst,,Final LSA,Ceramic LSA,Shelter,,,Vogelsang & Eichhorn 2011,ceramic LSA,,,C14,"C14: 11.8 (Phase 8, macrolithic LSA), 4.8-3.1 (Phase 6), 2.9-2.5 (Phase 5) (microlithic LSA), 2.2-1.9 (Phase 4), 1.7-1.1 (Phase 3-2), 0.50.1 (Phase 1) (Ceramic LSA)",
Ovizorombuku 96,OV96,-17.02809,13.16451,1,Namibia,Kunene,S,Savanna,,,LSA*,,,,,,,,,,,,,,,Oakhurst,,Final LSA,Ceramic LSA,Shelter,,,Vogelsang & Eichhorn 2011,"Oakhurst, LSA, ceramic LSA",,,C14,"C14: 9.0-8.4 (Phase 7, Macrolithic), 6.4-6.3 (Phase 6, Macrolithic), 5.3 (Phase 5 LSA), 3.3-2.1 (Phase 4-3 Microlithic LSA), 1.5-0.9 (Phase 2 Ceramic LSA)",
Ovizorombuku 98,OV98,-17.03272,13.17011,1,Namibia,Kunene,S,Savanna,,,LSA*,,,,,,,,,,,,,,Robberg,Oakhurst,,Final LSA,Ceramic LSA,Shelter,,,Vogelsang & Eichhorn 2011,"Robberg, Oakhurst, final LSA",,,C14,"C14: 12.5 (Late Pleistocene microlithic), 7.2 (macrolithic), 3.2 (microlithic), 1.5",
Oyster Bay,OYS,-34.17548,24.69215,3,South Africa,Eastern Cape,Y,Fynbos,,MSA,,,,,,,,,,HP?,,,,,,,,,,Open,Surface,Dunefield,Carri—n et al. 2000,,,,undated,,
Paapkuil Fontein 11,PF11,-34.82012,19.96210,1,South Africa,Western Cape,W,Fynbos,,,LSA,,,,,,,,,,,,,,,,,,Ceramic LSA,Open,Excavated,Shell midden,Hine 2008; Hine et al. 2010,,,,C14,C14cal: 1.3-1.1,
Paapkuil Fontein 4,PF4,-34.81876,19.96226,1,South Africa,Western Cape,W,Fynbos,,,LSA*,,,,,,,,,,,,,,,,Wilton?,,,Open,Excavated,Shell midden,Hine 2008; Hine et al. 2010,,,,C14,C14cal: 5.7-5.4,
Paapkuil Fontein 5,PF5,-34.81811,19.96255,1,South Africa,Western Cape,W,Fynbos,,,LSA*,,,,,,,,,,,,,,,,,Final LSA,,Open,Excavated,Shell midden,Hine 2008; Hine et al. 2010,,,,C14,C14cal: 2.5-2.1,
Paapkuil Fontein 7,PF7,-34.81991,19.96277,1,South Africa,Western Cape,W,Fynbos,,,LSA*,,,,,,,,,,,,,,,,,Final LSA,,Open,Excavated,Shell midden,Hine 2008; Hine et al. 2010,,,,C14,C14cal: 1.4-1.3,
Paardeberg,PAR,-33.72702,24.02410,3,South Africa,Eastern Cape,Y,Fynbos,,MSA,LSA*,,,,,,,,SB?,HP?,,,,,,Albany?,,,Ceramic LSA,Shelter,,,Deacon 1976; Volman 1981; Wurz 2002,,"technology, typology, miscellaneous finds, raw material",,undated,,
Pancho's Kitchen Midden,PKM,-32.33906,18.33276,2,South Africa,Western Cape,W,Fynbos,,,LSA*,,,,,,,,,,,,,,,,,Final LSA,Ceramic LSA,Open,Excavated,Shell midden,Jerardino 1996,,,C14,,"C14cal: 3.8-2.7, 0.8-0.5",
Paternoster Midden,PAT,-32.80711,17.88374,2,South Africa,Western Cape,W,Fynbos,,,LSA*,,,,,,,,,,,,,,,,,Final LSA,Ceramic LSA,Open,Excavated,Shell midden,Robertshaw 1977,,,C14,,"C14cal: 3.7, 0.7",
Pearly Beach,PEA,-34.66761,19.52882,2,South Africa,Western Cape,W,Fynbos,,,LSA*,,,,,,,,,,,,,,,,,Final LSA,,Open,Excavated,Shell midden,Avery 1974,,,,C14,C14cal: 1.7-1.4,
Peers Cave (Skildergat),PRC,-34.11910,18.40745,1,South Africa,Western Cape,W,Fynbos,,MSA,,,,,,,Early MSA,,SB,HP,,,,,,,,,,Shelter,,,Jolly 1947; Jolly 1948; Malan 1955; Volman 1981; Deacon & Wilson 1992,,"organic tools, symbolic artifacts, raw material, miscellaneous finds, typology, technology",,undated,,
"Penhill Farm, Sundays River",PEN,-33.59637,25.68839,1,South Africa,Eastern Cape,Y,Albany Thicket,ESA,,,,,,Acheulean,,,,,,,,,,,,,,,Open,Excavated,Alluvial terrace,Erlanger et al. 2012; Lotter & Kuman 2018b; Lotter et al. 2023,Acheulean,,,CN,CN: 1.1 Ma,
Penhoek,PEH,-28.85754,25.52200,1,South Africa,Free State,S,Grassland,,MSA,,,,,,,,,preHP?,,,,,,,,,,,Open,Surface,Donga,Monteagudo et al. 2025,,,,undated,,
Pienaars Pan 1,PNP,-30.03198,23.88171,3,South Africa,Northern Cape,S,Nama-Karoo,,,LSA*,,,,,,,,,,,,,,,,Wilton,,,Open,Excavated,Rock art,Beaumont & Vogel 1989,,,C14,,C14cal: 1.3,
Pinnacle Point 13B,PIN,-34.20819,22.08929,1,South Africa,Western Cape,Y,Fynbos,,MSA,,,,,,,Early MSA,MIS5 MSA,,,,,,,,,,,,Shelter,,,Marean et al. 2007; Jacobs 2010; Marean et al. 2010,"MIS 6 MSA, MIS 5 MSA","raw material, technology, miscellaneous finds, typology",,OSL,"OSL: 162±6 (LC-MSA Lower), 125±5 (LC-MSA Middle), 126±5-93±4 (LC-MSA Upper), 110±4 (LRS), 93±3 (URS)",
Pinnacle Point 5-6,PP5,-34.20784,22.08944,1,South Africa,Western Cape,Y,Fynbos,,MSA,,,,,,,,MIS5 MSA,,HP,,MIS3 MSA,,,,,,,,Shelter,,,Brown et al. 2012; Karkanas et al. 2015; Wilkins et al. 2017,"MIS 5 MSA, HP?","typology, technology, feature, miscellaneous finds, raw material",,OSL,"OSL: 96±6, 89±5, 81±4 (MIS 5), 72±3, 71±3, 69±3, 64±3, 62±3 (HP/MIS 4), 52±3, 51±2 (MIS 3)",
Pinnacle Point Shell Midden Complex,PPM,-34.20623,22.07573,2,South Africa,Western Cape,Y,Fynbos,,,LSA*,,,,,,,,,,,,,,,,,Final LSA,Ceramic LSA,Open,Excavated,Shell midden,McGrath et al. 2015,final LSA,,,C14,C14: 3±75-0.89±30,
"Pinnacle Point, Casino Road",PPC,-34.20512,22.08891,2,South Africa,Western Cape,Y,Fynbos,ESA,,,,,,Acheulean,,,,,,,,,,,,,,,Open,Excavated,Sand,Thompson 2009,,,,undated,,
Plovers Lake,PLO,-25.97722,27.77694,1,South Africa,Gauteng,S,Grassland,,MSA,,genMSA,,,,,,,,,,,,,,,,,,Karst infill,,,De Ruiter et al. 2008; Lombard et al. 2019,,,,"US, ESR","US: 88.7±1.6, 62.9±1.3; ESR: 75.6±5.6",
Pniel 6,PNI,-28.60764,24.57845,1,South Africa,Northern Cape,S,Savanna,ESA,MSA,LSA*,,genLSA,,Acheulean,,Early MSA,,,,,,,,,,,,,Open,Excavated,Sand/gravels,Beaumont & Morris 1990; Underhill 2012; Hutson 2018; Ecker et al. 2021,early MSA,"raw material, technology, typology",,undated,,
Pockenbank 1,POC,-27.21791,16.51690,2,Namibia,||Karas,Y,Desert,,,LSA*,,,,,,,,,HP?,,,Final MSA,Early LSA,,,Wilton,,Ceramic LSA,Shelter,,,Freundlich et al 1980; Vogel & Visser 1981; Vogelsang 1998; Schmidt et al. 2016; Schmidt et al. 2023,"MSA, early LSA","typology, technology, feature, symbolic artifacts, miscellaneous finds, raw material",,AMS C14,"AMS: 52-50 (top of III/1) (HP?); 35 (III/2), 34.5 (III/3), 32.6 (III/4) (FMSA); 23 (III/5), 20.5 (III/6) (ELSA); C14cal: 7.7 (Wilton), 0.4 (Ceramic)",
Port Edward,POR,-31.07891,30.19767,3,South Africa,KwaZulu-Natal,S,Indian Ocean Coastal Belt,ESA,,,,,,,Sangoan,,,,,,,,,,,,,,Open,Surface,Deflated dune,van Riet Lowe 1947; Kuman 2007,,,,undated,,
Port Nolloth 2009/001,PN1,-29.24629,16.87440,1,South Africa,Northern Cape,W,Succulent Karoo,,,LSA*,,,,,,,,,,,,,,,,,Final LSA,,Open,Excavated,Shell midden,Webley & Orton 2013,final LSA,,C14,,AMS C14cal: 2.8,
"Posberg Reserve, Drie Susters Main",PRD,-33.10525,18.00336,2,South Africa,Western Cape,W,Fynbos,,,LSA,,,,,,,,,,,,,,,,,,Ceramic LSA,Open,Excavated,Shell midden,Smith et al. 1991,ceramic LSA,,C14,,C14cal: 0.9,
"Posberg Reserve, Kreeftebaai",PRK,-33.14020,17.99166,2,South Africa,Western Cape,W,Fynbos,,,LSA,,,,,,,,,,,,,,,,,,Ceramic LSA,Open,Excavated,Shell midden,Smith et al. 1991,,,C14,,C14cal: 0.8,
Power's Site (Pniel 1),POW,-28.60537,24.59479,1,South Africa,Northern Cape,S,Savanna,ESA,MSA,,,,,Acheulean,,Early MSA,,,,,,,,,,,,,Open,Surface,Sand/gravels,Power 1955; Helgren 1978; Beaumont & Morris 1990,,"raw material, technology, typology",,undated,,
Powerhouse Cave,PWC,-27.61638,24.63818,2,South Africa,North West,S,Savanna,,,LSA*,,,,,,,,,,,,,,,,,Final LSA,,Shelter,,,Humphreys 1978; Morris 1990a,,,C14,,"C14cal: 4.0, 2.2",
Primrose Ridge,PRI,-26.18144,28.15066,2,South Africa,Gauteng,S,Grassland,,MSA,,,,,,,,,SB,,,,,,,,,,,Open,Excavated,Hillslope,Harcus 1945; Lombard et al. 2025,,"raw material, miscellaneous finds, technology, typology",,undated,,
Public Resort 1,PR1,-32.31653,18.33191,1,South Africa,Western Cape,W,Fynbos,,,LSA*,,,,,,,,,,,,,,,,,Final LSA,,Open,Excavated,Shell midden,Jerardino 1996,,,C14,,C14cal: 2.6,
Putslaagte 1,PL1,-31.94365,19.17538,1,South Africa,Western Cape,W,Succulent Karoo,,MSA,,,,,,,,,,,,Late MSA,,,,,,,,Open,Surface,River terrace,Mackay et al. 2014; Shaw et al. 2019,,"miscellaneous finds, raw material, technology, typology",,OSL,"OSL: 60.8±5.2, 58.8±5.3 (before artefact deposition)",
Putslaagte 8,PL8,-31.93789,19.15529,1,South Africa,Western Cape,W,Succulent Karoo,,MSA,LSA*,,,,,,,,SB,HP,postHP,Late MSA,,Early LSA,Robberg,Oakhurst,,Final LSA,Ceramic LSA,Shelter,,,Plasket 2012;  Mackay et al. 2015; Low & Mackay 2016; Mackay 2016; Mackay et al. 2023a,"preHP?, HP, postHP, late MSA, early LSA, Robberg","typology, technology, raw material",C14,"OSL, C14","OSL-CAM: 66.0±4.9; OSL-FMM: 62.1±4.4, 61.5±5.5 (SB/HP/postHP); C14: 41.9-39.4; OSL-FMM: 41.2±3.3, 36.3±3.1 (Late MSA); C14: 39.3-36.5, 22.9-20.1, 23.0-21.8 (Early LSA); OSL: 22.9±1.6 (ELSA/Robberg), 39.1±3.3, 25.2±1.8 (ELSA/Late MSA)",
Railway Midden,RWM,-32.33498,18.31911,1,South Africa,Western Cape,W,Fynbos,,,LSA*,,,,,,,,,,,,,,,,,Final LSA,,Open,Excavated,Shell midden,Jerardino 1996,,,C14,,C14cal: 2.5-2.4,
Ravenscraig,RVC,-31.01330,27.79163,2,South Africa,Eastern Cape,S,Grassland,,,LSA*,,,,,,,,,,,,,,Robberg,Oakhurst,,Final LSA,Ceramic LSA,Shelter,,,Opperman 1987,Oakhurst,,C14,,"C14cal: 11.8 (Robberg, top of layer 5), 11.2 (Oakhurst, L4), 3.2 (FLSA, top of L2), 0.5 (Ceramic LSA, L1)",
Reception Shelter,RCS,-31.52603,18.60137,1,South Africa,Western Cape,W,Succulent Karoo,,,LSA*,,,,,,,,,,,,,,,,,Final LSA,Ceramic LSA,Shelter,,,Orton et al. 2011; Orton 2012b,"early LSA, final LSA, ceramic LSA",,C14,,"C14cal: 26.1 (ELSA - age but little material), 2.6-1.7 (FLSA), 0.6-0.4 (Ceramic)",
Red Balloon Shelter,RBS,-23.99667,27.53917,2,South Africa,Limpopo,S,Savanna,,MSA,,,,,,,,MIS5 MSA,,,,,,,,,,,,Shelter,,,Wadley et al. 2021,Pietersburg,,,OSL,OSL: 96±4,
Renbaan,REN,-32.23175,18.86592,1,South Africa,Western Cape,W,Fynbos,,,LSA*,,,,,,,,,,,,,,,,Wilton,Final LSA,Ceramic LSA,Shelter,,,Kaplan 1987,,,,C14,"C14cal: 6.2 (Wilton), 1.8 (FLSA), (C14uncal: 5.43±0.07, 1.91±0.06)",
Renosterkop 2,RNK,-28.67658,20.45141,1,South Africa,Northern Cape,S,Nama-Karoo,,MSA,LSA*,genMSA,,,,,,,,,,,,,,,,Final LSA,Ceramic LSA,Shelter,,,Morris & Beaumont 1991,,,,undated,,
Rietputs 15,RIE,-28.32317,24.71689,1,South Africa,Northern Cape,S,Savanna,ESA,,,,,,Acheulean,,,,,,,,,,,,,,,Open,Excavated,River terrace,Kuman & Gibbon 2018; Leader et al. 2018,,"technology, raw material, typology",,CN,CN: 1.31±0.21 Ma,
Riversmead,RVM,-30.66494,25.47047,2,South Africa,Northern Cape,S,Grassland,,,LSA*,,,,,,,,,,,,,,,,,Final LSA,,Shelter,,,Sampson & Sampson 1967,,,C14,,C14cal: 2.7-2.3,
Riverview Estates,RVE,-28.33429,24.72985,1,South Africa,Northern Cape,S,Savanna,ESA,,,,,,,Fauresmith,,,,,,,,,,,,,,Open,Surface,Sand/gravels,van Riet Lowe 1935; Helgren 1978; Underhill 2012,,"typology, technology, raw material",,undated,,
Robberg Cave D,RBD,-34.10902,23.40835,2,South Africa,Western Cape,Y,Fynbos,,,LSA*,,,,,,,,,,,,,,,,,Final LSA,,Shelter,,,Vogel & Marais 1971,,,C14,,C14cal: 1.8,
Roode Zyn Puts,RZP,-30.16160,20.83010,3,South Africa,Northern Cape,S,Nama-Karoo,,MSA,,,,,,,,,,,MSA3?,,,,,,,,,Open,Surface,Hornfels outcrop,Beaumont et al. 1995,,,,undated,,
Roode Zyn Puts (2-5),RZ4,-30.20080,20.86670,3,South Africa,Northern Cape,S,Nama-Karoo,,,LSA,,,,,,,,,,,,,,,,,,Swartkop,Open,Surface,Pan,Beaumont et al. 1995; Parsons 2003,,,C14,,"C14cal: 1.0 (RZP 2), 0.6 (RZP5), 0.5 (RZP3) (RZP4 undated)",
Rooidam 1 & 2,ROI,-28.77248,24.52038,1,South Africa,Northern Cape,S,Savanna,ESA,MSA,LSA*,,,,,Fauresmith,Early MSA,,,,,,,,,,,Final LSA,,Open,Excavated,Pan,Butzer 1974; Szabo & Butzer 1979; Beaumont & Morris 1990; Underhill 2012; Eltzholtz 2020,"early MSA, MSA","typology, technology, raw material",,US,US: 174±25 (Rooidam 1),
Rooikrans,ROK,-29.05008,27.60012,2,South Africa,Free State,S,Grassland,,,LSA*,,,,,,,,,,,,,,,,Wilton,,Ceramic LSA,Shelter,,,Wadley 1995; Thorp 1996,ceramic LSA,,C14,,"C14cal: 7.0, 4.1 (Wilton), 0.4-0.1 (Ceramic)",
Roosfontein,ROO,-28.81693,27.73334,2,South Africa,Free State,S,Grassland,,,LSA*,,,,,,,,,,,,,,,,,Final LSA,Ceramic LSA,Shelter,,,Klatzow 1994; Klatzow 2000,"final LSA, Ceramic LSA",,C14,,"C14cal: 1.8 (FLSA), 1.2 (Ceramic)",
Rose Cottage Cave,RCC,-29.21547,27.47238,2,South Africa,Free State,S,Grassland,,MSA,LSA*,,,,,,,,preHP?,HP,postHP,Late MSA,Final MSA,MSA/LSA,Robberg,Oakhurst,Wilton,,Ceramic LSA,Shelter,,,Clark 1999; Vogel 1970; Vogel & Marais 1971; Wadley & Vogel 1991; Wadley 2000a; Wadley 2000b; Soriano et al. 2007; Jacobs et al. 2008; Pienaar et al. 2008; Loftus et al. 2019; Wadley 2023a; Schmid et al. 2024,"preHP, HP, postHP, final MSA, early LSA, Robberg, Oakhurst, Wilton, final LSA, ceramic LSA","typology, technology, raw material, miscellaneous finds, feature",C14,"OSL, TL","OSL: 95.9±6.6, 71.4±4.2 (preHP), 68.7-54.0 (HP), 61.8-56.4, 35.8-27.6 (pHP); TL: 72.5-64.5 (preHP), 60.4±56.3 (HP), 58.6-50.5, 49.4-47.1 (pHP); OSL: 35.8±2.4, 34.8±2.2 (LYN - pHP/FMSA); OSL: 27.6±2.3 (RU - FMSA), 31.7±1.8 (G - MSA/LSA); AMS C14: 34-30 (RU - FMSA), 31-30 (G - MSA/LSA); C14: 29.8-21.5 (ELSA?); 18.9-15.0 (Robberg); 10.4-9.1 (Oakhurst); 9.6-6.8 (Wilton); 1.0-0.5 (Ceramic)",
Roseberry Plain,RBP,-28.64293,24.86660,4,South Africa,Northern Cape,S,Savanna,ESA,,,,,,,Fauresmith,,,,,,,,,,,,,,Open,Surface,Sand/gravels,Beaumont & Morris 1990; Underhill 2012,,,,undated,,
Sandkop 2001/024,SK24,-29.68700,17.06569,1,South Africa,Northern Cape,W,Succulent Karoo,,,LSA,,,,,,,,,,,,,,,,,,Ceramic LSA,Open,Excavated,Shell midden,Orton 2012a,,,C14,,AMS C14cal: 2.2-2.1,
Sandkop 2001/025,SK25,-29.68577,17.07088,1,South Africa,Northern Cape,W,Succulent Karoo,,,LSA*,,,,,,,,,,,,,,,,,Group 1,,Open,Excavated,Shell midden,Orton 2012a,,,C14,,C14cal: 0.4,
Sandkop 2001/026 (SK400),SK26,-29.68253,17.06304,1,South Africa,Northern Cape,W,Succulent Karoo,,,LSA,,,,,,,,,,,,,,,,,,Group 2,Open,Excavated,Shell midden,Dewar et al. 2006; Orton 2012a,,,C14,,C14cal: 0.4,
Sandkop 2001/039,SK39,-29.68353,17.06423,1,South Africa,Northern Cape,W,Succulent Karoo,,,LSA,,,,,,,,,,,,,,,,,,Ceramic LSA,Open,Excavated,Shell midden,Orton 2012a,,,C14,,AMS C14cal: 0.6,
Sandkop 2005/057A,SK57A,-29.68861,17.06353,1,South Africa,Northern Cape,W,Succulent Karoo,,,LSA,,,,,,,,,,,,,,,,,,Group 2,Open,Excavated,Shell midden,Orton 2012a,,,C14,,C14cal: 0.4,
Sandkop 2005/074,SK74,-29.68849,17.06360,1,South Africa,Northern Cape,W,Succulent Karoo,,,LSA*,,,,,,,,,,,,,,,,,Group 1,,Open,Excavated,Shell midden,Orton 2012a,,,C14,,AMS C14cal: 2.0,
Sandkop 2005/084,SK84,-29.68650,17.06356,1,South Africa,Northern Cape,W,Succulent Karoo,,,LSA*,,,,,,,,,,,,,,,,,Group 1,,Open,Excavated,Shell midden,Orton 2012a,,,C14,,AMS C14cal: 2.4,
Sandkop 2005/095,SK95,-29.68846,17.06361,1,South Africa,Northern Cape,W,Succulent Karoo,,,LSA,,,,,,,,,,,,,,,,,,Group 2,Open,Excavated,Shell midden,Orton 2012a,,,C14,,AMS C14cal: 0.5-0.4,
Sandkop 2005/096,SK96,-29.68907,17.06427,1,South Africa,Northern Cape,W,Succulent Karoo,,,LSA,,,,,,,,,,,,,,,,,Group 1,,Open,Excavated,Shell midden,Orton 2012a,,,C14,,AMS C14cal: 2.8 (B) 0.6 (A),
Sandkop 2006/006,SK6,-29.67770,17.05686,1,South Africa,Northern Cape,W,Succulent Karoo,,,LSA,,,,,,,,,,,,,,,,,Group 1,,Open,Excavated,Shell midden,Orton 2012a,,,C14,,AMS C14cal: 0.5-0.3,
Sandspruit 1,SPR,-27.75325,30.35288,4,South Africa,KwaZulu-Natal,S,Grassland,,MSA,,genMSA,,,,,,,,,,,,,,,,,,Open,Surface,,van Riet Lowe 1947; Malan 1948,,"typology, technology, raw material",,undated,,
Schurfpoort 112 KR,SFP,-24.13333,28.45000,3,South Africa,Limpopo,S,Savanna,,,LSA*,,,,,,,,,,,,,,,,,Final LSA,,Shelter,,,Van der Ryst 1998,final LSA,,C14,,C14cal: 0.7-0.6,
Scorpion Shelter,SCP,-32.38264,18.37243,3,South Africa,Western Cape,W,Fynbos,,,LSA*,,,,,,,,,,,,,,,,,Final LSA,Ceramic LSA,Shelter,,,Jerardino 1996,,,C14,,"C14cal: 3.6, 0.9, 0.5",
Scott's Cave,SCO,-33.71804,24.71052,3,South Africa,Eastern Cape,Y,Albany Thicket,,,LSA,,,,,,,,,,,,,,,,,,Ceramic LSA,Shelter,,,Wells 1965; Deacon 1967,ceramic LSA,,C14,,"C14cal: 1.1, 0.4",
Sea Harvest,SEA,-33.02421,17.95125,1,South Africa,Western Cape,W,Fynbos,,MSA,,,,,,,Early MSA,,,,,,,,,,,,,Open?,Excavated,"Shell midden, possibly collapsed shelter",Butzer 2004; Volman 1981,,"typology, technology, raw material, miscellaneous finds, feature",,undated,,
Sehonghong,SEH,-29.73663,28.78884,1,Lesotho,Thaba-Tseka,S,Grassland,,MSA,LSA*,,,,,,,,,,postHP?,,Final MSA,MSA/LSA,Robberg,Oakhurst,Wilton,Final LSA,Ceramic LSA,Shelter,,,Carter et al. 1988; Mitchell 1996; Jacobs et al. 2008a; BarrŽ & Lamothe 2010; Loftus et al. 2015; Horsburgh et al. 2016; Pargeter et al. 2017,"HP, postHP, final MSA, early LSA, Robberg, Oakhurst, Wilton, ceramic LSA","typology, technology, raw material, organic tools, miscellaneous finds, feature",C14,"OSL, IRSL, AMS C14","OSL: 57.6±2 (II); IRSL: 63.9-62.2 (II) (HP?); OSL: 45.6±2.5, 30.3±3.4 (III) (MSA 3); AMS C14: 35.3-32.1 (V-VII) (FMSA); AMS C14: 31.2-28.1 (RFS), 24.9-24.1 (MOS), 24.5-24.0 (OS) (MSA/LSA), 24.8 (BAS), 15.5 (RBL), 14.5 (RF); C14cal: 13.0 (BARF) (Robberg); 11.0-7.8 (Oakhurst), 7.7-6.7 (Wilton), 1.3-1.0 (Ceramic)",
Sesfontein N2005/1,SES1,-19.08861,13.35783,2,Namibia,Kunene,S,Savanna,,,LSA*,,,,,,,,,,,,,,,Oakhurst,,Final LSA,Ceramic LSA,Shelter,,,Ossendorf 2017b,,,C14,,"AMS C14cal: 11.5/6.3*, 3.3/2.8*, 4.4 (2nd measurement)",
Sesfontein N2005/2,SES2,-19.06049,13.54519,2,Namibia,Kunene,S,Savanna,,,LSA*,,,,,,,,,,,,,,,Oakhurst,,Final LSA,,Shelter,,,Ossendorf 2017b,"Oakhurst, final LSA",,C14,,"AMS C14cal: 10.0, 3.3, 2.0",
Sheppard Island,SHE,-27.61414,25.70879,2,South Africa,North West,S,Savanna,ESA,MSA,LSA,genMSA,,,Acheulean,Fauresmith,,,,,,,,,,,,,Ceramic LSA,Open,Surface/excavated,River gravels,van Riet Lowe 1929; van Riet Lowe 1935; Underhill 2012,,,,undated,,
Shongweni North,SHN,-29.86515,30.71936,2,South Africa,KwaZulu-Natal,S,Savanna,,,LSA*,,genLSA,,,,,,,,,,,,,,,,,Shelter,,,Vogel et al. 1986; Langejans & Dusseldorp 2014,,,C14,,"C14cal: 33.7, 29.5 (L26), 16.7, 16.4 (L25), 1.9 (LXXIV)",
Shongweni South,SHS,-29.86515,30.71936,2,South Africa,KwaZulu-Natal,S,Savanna,,,LSA*,,,,,,,,,,,,,Early LSA,Robberg,,Wilton,,Ceramic LSA,Shelter,,,Davies 1975; Vogel et al. 1986; Mitchell 1988; Wadley 1993; Langejans & Dusseldorp 2014,early LSA,"typology, technology, raw material, organic tools",C14,,"C14cal: 27.2 (ELSA L7), 18.0 (Robberg L4), 13.7 (Robberg L1?),  4.2 (Wilton L6), 1.6-1.0",
Sibebe (Langubhela),SBE,-26.26144,31.17258,2,Eswatini,Hhohho,S,Grassland,,MSA,LSA,,,,,,,,,,,Late MSA,Final MSA,,,,,,Ceramic LSA,Shelter,,,Vogel 1970; Price-Williams 1981; Barham 1989b; Bader et al. 2022a,"final MSA, final LSA, ceramic LSA","typology, technology, raw material, miscellaneous finds",,C14,"C14: 43.3, 37.5-33.9, 27.5-26.7 (FMSA), 1.7-1.9 (LSA)",
Sibhudu Cave (Sibudu),SIB,-29.52257,31.08562,1,South Africa,KwaZulu-Natal,S,Indian Ocean Coastal Belt,,MSA,,,,,,,,preSB,SB,HP,postHP,Late MSA,Final MSA,,,,,,,Shelter,,,Wadley 2005; Wadley & Jacobs 2006; Jacobs et al. 2008a; Jacobs et al. 2008b,"preSB, SB, HP, postHP, late MSA, final MSA","typology, technology, raw material, organic tools, symbolic artifacts, miscellaneous finds, feature, function",C14,OSL,"OSL: 77.2±2.1-72.5±2.0 (preSB), 70.5±2.0 (SB), 64.7±1.9-61.7±1.5 (HP), 58.2±2.4-57.6±2.1 (pHP), 49.4±2.3-46.0±1.9 (Late MSA), 49.9±2.5-38.0±2.6 (Final MSA); C14cal: 45.3-28.4 (Final MSA)",
Sikhanyisweni,SIK,-28.46874,30.39807,2,South Africa,KwaZulu-Natal,S,Grassland,,,LSA*,,,,,,,,,,,,,,,Oakhurst,Wilton,Final LSA,,Shelter,,,Mazel 1988b,,,C14,,"C14cal: 11.5 (L6), 11.0 (L4), 4.2 (L2)",
Simon se Klip,SSK,-32.16169,18.33333,1,South Africa,Western Cape,W,Fynbos,,,LSA,,,,,,,,,,,,,,,,,,Ceramic LSA,Open,Excavated,Shell midden,Jerardino & Maggs 2007,"final LSA, ceramic LSA",,C14,,C14cal: 1.7-1.4,
Siphiso (Mlawula),SIP,-26.31693,31.97632,2,Eswatini,Lubombo,S,Savanna,,,LSA*,,,,,,,,,,,,,,Robberg,Oakhurst,Wilton,,Ceramic LSA,Shelter,,,Vogel & Marais 1971; Barham 1989b,"final MSA, early LSA, Robberg, Oakhurst, Wilton, ceramic LSA",,C14,,"C14cal: 16.1 (MSA?), 13.8-11.6 (Robberg), 11.0-8.4 (Oakhurst), 8.1-6.5 (Wilton), 2.0-0.4 (Ceramic)",
Smitswinkelbaai Cave,SWB,-34.27499,18.47252,2,South Africa,Western Cape,W,Fynbos,,,LSA,,,,,,,,,,,,,,,,,,Ceramic LSA,Shelter,,,Poggenpoel & Robertshaw 1981,,,C14,,C14cal: 1.4-1.0,
Soutfontein 1,SFT,-31.52221,18.57089,1,South Africa,Western Cape,W,Succulent Karoo,,MSA,,,,,,,,,SB,,,,,,,,,,,Open,Surface,River terrace,Mackay et al. 2010; Mackay et al. 2018,,,,undated,,
Soutkloof 1,STK1,-32.44583,18.33611,1,South Africa,Western Cape,W,Fynbos,,,LSA*,,,,,,,,,,,,,,,,,Final LSA,,Open,Excavated,Shell midden,Jerardino 1996,,,C14,,C14cal: 3.2,
Soutkloof 3b,STK3,-32.46385,18.33611,1,South Africa,Western Cape,W,Fynbos,,,LSA*,,,,,,,,,,,,,,,,,Final LSA,,Open,Excavated,Shell midden,Jerardino 1996,,,C14,,C14cal: 2.4,
Soutkloof 5b,STK5,-32.47632,18.33611,1,South Africa,Western Cape,W,Fynbos,,,LSA*,,,,,,,,,,,,,,,,,Final LSA,,Open,Excavated,Shell midden,Jerardino 1996,,,C14,,C14cal: 2.0,
Soutpansklipheuvel,SPK,-32.01349,18.33117,2,South Africa,Western Cape,W,Fynbos,,MSA,LSA*,genMSA,,,,,,,,,,,,,,,,Final LSA,Ceramic LSA,Open,Surface/excavated,,Jerardino et al. 2014; Jerardino et al. 2018,,,C14,,AMS C14cal: 4.8-4.3 (SPKH86); 1.0 (SPKH51); 1.3-0.8 (SKPH28),
Spitzkloof A,SKFA,-28.86370,17.07730,1,South Africa,Northern Cape,Y,Succulent Karoo,,MSA,LSA*,,,,,,,,,,,MIS3 MSA,,,Robberg,,,,,Shelter,,,Dewar & Stewart 2016; Dewar & Stewart 2017; Dewar et al. 2023,MSA,,C14,,"AMS C14cal: >52 (MSA, Brian), 23.7 (Robberg, Mark), 18.5-17.4 (Jaird-Nick)",
Spitzkloof B,SKFB,-28.86362,17.07712,1,South Africa,Northern Cape,Y,Succulent Karoo,,,LSA*,,,,,,,,,,,,,,,,Wilton,Final LSA,,Shelter,,,Dewar 2014; Dewar & Stewart 2016; Dewar & Stewart 2017,,,C14,,"AMS C14cal: 1.3, 0.6",
Spoeg River Cave,SRC,-30.47262,17.36902,2,South Africa,Northern Cape,W,Succulent Karoo,,,LSA*,,,,,,,,,,,,,,,,,Final LSA,Ceramic LSA,Shelter,,,Webley 1992; Sealy & Yates 1994; Vogel et al. 1997; Webley 2002,"final LSA, Ceramic LSA",,C14,,"C14cal: 3.8, 2.4 (FLSA), 1.9-1.2 (Ceramic) ; AMS 2.0-1.1",
Sprinbgokoog 7,SBO7,-30.22345,21.54230,2,South Africa,Northern Cape,S,Nama-Karoo,,,LSA,,,,,,,,,,,,,,,,,,Swartkop,Open,Surface,Rock art,Deacon 1988; Beaumont & Vogel 1989; Morris 1990b; Beaumont et al. 1995,,,C14,,C14cal: 0.6 (SBO7),
Spring Cave,SGC,-32.32227,18.33148,1,South Africa,Western Cape,W,Fynbos,,,LSA,,,,,,,,,,,,,,,,,,Ceramic LSA,Shelter,,,Jerardino 1996,,,C14,,"C14cal: 3.7 (6), 2.1 (5), 1.0 (4), 0.7 (3), 0.5 (2)",
Springbokoog 1,SBO1,-30.22895,21.55141,2,South Africa,Northern Cape,S,Nama-Karoo,,,LSA*,,,,,,,,,,,,,,,,,Springbokoog,Swartkop,Open,Surface/excavated,Stone circle/Rock art,Deacon 1988; Beaumont & Vogel 1989; Morris 1990b; Beaumont et al. 1995,,,C14,,"C14cal: 5.3 (SBO1), 2.7 (SBO5) (Wilton?/Springbokoog); 1.5 (SBO18), 1.1 (SBO4), 0.7-0.3 (SBO5), 0.3 (SBO12) (Ceramic/Swartkop)",
Springbokoog 10,SBO10,-30.23285,21.52583,2,South Africa,Northern Cape,S,Nama-Karoo,,,LSA,,,,,,,,,,,,,,,,,,Swartkop,Open,Surface/excavated,Rock art,Deacon 1988; Beaumont & Vogel 1989; Morris 1990b; Beaumont et al. 1995,,,C14,,C14cal: 0.6 (SBO10),
Springbokoog 11,SBO11,-30.22188,21.53472,2,South Africa,Northern Cape,S,Nama-Karoo,,,LSA,,,,,,,,,,,,,,,,,,Swartkop,Open,Surface,Rock art,Deacon 1988; Beaumont & Vogel 1989; Morris 1990b; Beaumont et al. 1995,,,C14,,C14cal: 0.4 (SBO11),
Springbokoog 13,SBO13,-30.22416,21.54247,2,South Africa,Northern Cape,S,Nama-Karoo,,,LSA*,,,,,,,,,,,,,,,,,Springbokoog,,Open,Excavated,Rock art,Deacon 1988; Beaumont & Vogel 1989; Morris 1990b; Beaumont et al. 1995,,,C14,,C14cal: 2.8-2.6 (SBO13),
Springbokoog 20,SBO20,-30.22645,21.55276,2,South Africa,Northern Cape,S,Nama-Karoo,,,LSA*,,,,,,,,,,,,,,,,,Springbokoog,Swartkop,Open,Surface/excavated,Rock art,Deacon 1988; Beaumont & Vogel 1989; Morris 1990b; Beaumont et al. 1995,,,C14,,"C14cal: 5.0 (SBO20) (Wilton?/Springbokoog); 0.6 (SBO2, SBO6) (Swartkop/Ceramic)",
St Francis Bay,SFB,-34.20887,24.83202,1,South Africa,Eastern Cape,Y,Albany Thicket,,,LSA*,,,,,,,,,,,,,,,,,Final LSA,Ceramic LSA,Open,Excavated,Shell midden,Binneman 2005,"final LSA, Ceramic LSA",,C14,,"C14cal: 4.7, 1.6",
Steenbokfontein,SBF,-32.16158,18.33299,1,South Africa,Western Cape,W,Fynbos,,,LSA*,,,,,,,,,,,,,,,Oakhurst,Wilton,Final LSA,,Shelter,,,Jerardino 1996; Pfeiffer 2013; Jerardino et al. 2014,"Wilton, final LSA",,C14,,"C14cal: 9.3-5.2 (L5), 4.4 (4b), 4.0-3.7 (4a), 2.8 (3), 2.3-2.2 (2-1)",
Steenbokfontein 9KR,SB9K,-24.07773,28.09389,1,South Africa,Limpopo,S,Savanna,,MSA,,genMSA,,,,,,,,,,,,,,,,,,Open,Excavated,Spring,Wadley et al. 2016,,,,undated,,
Steenbras Bay Midden,SBM,-26.66666,15.13277,2,Namibia,||Karas,Y,Desert,,,LSA*,,,,,,,,,,,,,,,,,Final LSA,,Open,Excavated,Shell midden,d,,,C14,,C14cal: 2.6-2.0,
Sterkfontein,STK,-26.01570,27.73450,1,South Africa,Gauteng,S,Grassland,ESA,MSA,,,,Oldowan,Acheulean,,Early MSA,,,,,,,,,,,,,Karst infill,,,Kuman & Clark 2000; Herries & Shaw 2011; Granger et al. 2015,"Oldowan, Acheulean, early MSA","typology, technology, raw material",,"CN, PM, ESR",CN: 2.1 Ma (Oldowan); 1.1-1.4 Ma (Acheulean); PM/ESR: 289-470 (EMSA),
Still Bay,SB2,-34.38654,21.42575,1,South Africa,Western Cape,W,Grassland,,,LSA*,,,,,,,,,,,,,,,,,Final LSA,,Open,Excavated,Shell midden,Hine 2008; Hine et al. 2010,,,,C14,"C14cal:3.1-2.8,  2.5-2.3",
Strathalan A,STA,-30.98976,28.38846,1,South Africa,Eastern Cape,S,Grassland,,,LSA*,,,,,,,,,,,,,,,Oakhurst,,Final LSA,,Shelter,,,Opperman 1996,,,C14,,"C14cal: 10.9 (L6), 2.5 (L2)",
Strathalan B,STB,-30.98976,28.38846,1,South Africa,Eastern Cape,S,Grassland,,MSA,,,,,,,,,,,,,Final MSA,MSA/LSA,,,,,,Shelter,,,Opperman & Heydenrych 1990; Opperman 1996; Reynard et al. 2024,final MSA,"typology, technology, raw material, feature",C14,,"C14cal: 32.9-31.0 (VBP) 29.9-27.3, 25.9-24.3 (BPL) ",
Sunnyside 1 (Bethal 1),SUN,-28.54941,28.45543,1,South Africa,Free State,S,Grassland,,MSA,,,,,,,,,,,,,Final MSA,,,,,,,Open,Excavated,Colluvium/donga,Kent 2002; Henderson et al. 2006; d'Errico et al. 2017,"HP, final MSA, early LSA",,,OSL,"OSL: 30.5±1.4 (CLR3, artefact horizon); 15.6±0.7 (CLR2, overlying); 62.3±2.3 (CLR4, underlying) ",
Suurwater 1,SUW,-29.85000,19.00000,3,South Africa,Northern Cape,Y,Nama-Karoo,,,LSA,,,,,,,,,,,,,,,,,,Swartkop?,Open,Surface,,Beaumont et al. 1995,,,C14,,C14cal: 1.0,
Swartkop 1,SWK,-30.12650,21.06580,3,South Africa,Northern Cape,S,Nama-Karoo,,,LSA,,,,,,,,,,,,,,,,,,Swartkop,Open,Surface,Hilltop,Morris 1990b; Beaumont et al. 1995; Parsons 2003,,,C14,,C14cal: 0.6,
Swartkop Hill,SKH,-30.85746,17.96034,2,South Africa,Northern Cape,W,Succulent Karoo,,MSA,,,,,,,,,,,,Late MSA,,,,,,,,Open,Excavated,Surface/subsurface,Van der Ryst & KŸsel 2013,,,,undated,,
Swartkrans,SWA,-26.01731,27.72357,1,South Africa,Gauteng,S,Grassland,ESA,MSA,,genMSA,,Oldowan,Acheulean,,,,,,,,,,,,,,,Karst infill,,,Sutton et al. 2009; Gibbon et al. 2014; Kuman et al. 2018; Kuman et al. 2021,"Oldowan, Acheulean, MSA","typology, technology, raw material, organic tools",,"CN, US","CN: 2.22±0.05 Ma, 2.19 Ma (Oldowan); US: 110.3±1.9 (MSA max age)",
T'Boop,TBP,-30.10937,19.88887,3,South Africa,Northern Cape,Y,Nama-Karoo,,MSA,,,,,,,,,,,MSA3,,,,,,,,,Open,Surface,Pan,Beaumont et al. 1995; Vogel et al. 2001,,,,C14,C14cal: 42.5-41.1 (C14uncal: 37.4±0.63),
Tandjiesberg,TJB,-29.07867,27.62644,2,South Africa,Free State,S,Grassland,,,LSA,,,,,,,,,,,,,,,,,,Ceramic LSA,Shelter,,,Thorp 1996; Wadley & McLaren 1998,ceramic LSA,,C14,,C14cal: 0.7,
Te Vrede,TEV,-31.20437,28.16251,2,South Africa,Eastern Cape,S,Grassland,,,LSA*,,,,,,,,,,,,,,,Oakhurst,,Final LSA,,Shelter,,,Opperman 1987,,,C14,,"C14cal: 11.5, 8.9 (L3)",
The Havens Cave,THC,-33.68571,24.57968,2,South Africa,Eastern Cape,Y,Albany Thicket,,,LSA*,,,,,,,,,,,,,,,Oakhurst,Wilton,,Ceramic LSA,Shelter,,,Binneman 1995; Binneman 1997,"Oakhurst, Wilton",,C14,,"C14cal: 11.1 (Oakhurst), 7.5-7.0 (Wilton), 1.2 (Ceramic)",
Tloutle,TLT,-29.47426,27.76877,2,Lesotho,Maseru,S,Grassland,,,LSA*,,,,,,,,,,,,,,Robberg?,Oakhurst,Wilton,,,Shelter,,,Mitchell 1990; Mitchell 1993b; Hedges et al. 1996,Wilton,,C14,,"C14cal: 9.6 (Oakhurst), 8.0-5.8 (Wilton), 0.6-0.4 (Ceramic)",
Tortoise Cave,TOR,-32.32263,18.35720,1,South Africa,Western Cape,W,Fynbos,,,LSA*,,,,,,,,,,,,,,,,Wilton,Final LSA,Ceramic LSA,Shelter,,,Robey 1987; Morris 1992; Jerardino 1996,,,C14,,"C14cal: 8.5-4.9 (L14-13), 3.8-3.3 (L8-5), 1.7-1-4 (L3-2), 0.7 (L1)",
Tra-Tra River,TRA,-32.26901,19.37096,1,South Africa,Western Cape,W,Succulent Karoo,ESA,,,,,,Acheulean,,,,,,,,,,,,,,,Open,Surface,River,Hallinan 2021,,,,undated,,
Tshisiku Shelter,TSK,-22.23217,29.11264,2,South Africa,Limpopo,S,Savanna,,,LSA*,,,,,,,,,,,,,,,,Wilton,,,Shelter,,,Van Doornum 2007,"Wilton, final LSA",,C14,,"C14cal: 6.2, 3.1",
Tsisab River sites,TSB,-21.08705,14.67820,3,Namibia,Erongo,S,Desert,,,LSA*,,,,,,,,,,,,,,,,Wilton,Final LSA,Ceramic LSA,Shelter,,,Jacobson 1978; Vogel & Visser 1981,,,C14,,"C14cal: 7.4. 2.8-2.4, 0.7-0.2",
"Tswalu Reserve, Sonstraal",TSO,-27.12501,22.45800,2,South Africa,Northern Cape,S,Savanna,ESA,,,,,,Acheulean,,,,,,,,,,,,,,,Open,Excavated,,Schoville 2023,,,,undated,,
"Tswalu Reserve, Witberg 1",TWB,-27.20300,22.46900,2,South Africa,Northern Cape,S,Savanna,,MSA,,genMSA,,,,,,,,,,,,,,,,,,Open,Excavated,,Schoville 2023,,,,undated,,
Tweefontein,TWF,-32.32677,19.64369,1,South Africa,Northern Cape,W,Succulent Karoo,,MSA,LSA*,,,,,,,,,,postHP,,,,,,,Final LSA,,Open,Surface,Desert pavement,Hallinan & Shaw 2015; Hallinan & Shaw 2020,,,,undated,,
Tweepad 2004/003,TP003,-29.49797,16.99883,1,South Africa,Northern Cape,W,Succulent Karoo,,,LSA,,,,,,,,,,,,,,,,,,Group 3,Open,Surface,Shell scatter,Orton 2012a,,,C14,,AMS C14cal: 2.2,
Tweepad 2004/004,TP004,-29.49811,16.99806,1,South Africa,Northern Cape,W,Succulent Karoo,,,LSA,,,,,,,,,,,,,,,,,,Group 2,Open,Excavated,Shell midden,Dewar 2008; Orton 2012a,,,C14,,C14cal: 0.8,
Tweepad 2004/014,TP014,-29.48519,16.99272,1,South Africa,Northern Cape,W,Succulent Karoo,,,LSA*,,,,,,,,,,,,,,,,,Group 1,,Open,Excavated,Shell midden,Orton 2012a,,,C14,,AMS C14cal: 3.6,
Twyfelpoort,TWY,-28.61615,27.56608,1,South Africa,Free State,S,Grassland,,,LSA*,,,,,,,,,,,,,,,,,Final LSA,,Shelter,,,Backwell et al. 1996; Bradfield 2025,final LSA,,C14,,C14cal: 3.4-1.8,
Uitdraai 33,UIT,-29.56221,22.86402,1,South Africa,Northern Cape,S,Nama-Karoo,ESA,MSA,,genMSA,,,Acheulean,,,,,,,,,,,,,,,Open,Surface/excavated,Terrace,Leader et al. 2023,,,,undated,,
Uitkomst Cave,UTK,-25.91690,27.66671,3,South Africa,Gauteng,S,Savanna,,,LSA*,,,,,,,,,,,,,,,Oakhurst,,,,Shelter,,,Mason 1962; Stuiver 1969,,,C14,,C14cal: 13.1-11.3,
Uitspankraal 1,UPK1,-32.03796,19.38930,1,South Africa,Western Cape,W,Succulent Karoo,ESA,MSA,,,,,Acheulean,,Early MSA,,,HP,,MIS3 MSA,,,,,,,,Open,Surface,River terrace,Bleed et al. 2017; Shaw et al. 2019; Shaw et al. 2021,,,,undated,,
Uitspankraal 7,UPK7,-32.03638,19.40472,1,South Africa,Western Cape,W,Succulent Karoo,,MSA,LSA*,,,,,,,,,,postHP,Late MSA,,Early LSA,,,,Final LSA,,Open,Surface,River terrace,Will et al. 2015; Low et al. 2017; Shaw et al. 2019; Shaw et al. 2021,,,,undated,,
Uitspankraal 9,UPK9,-32.03902,19.40865,1,South Africa,Western Cape,W,Succulent Karoo,,,LSA*,,,,,,,,,,,,,,Robberg,Oakhurst,Wilton,,Ceramic LSA,Open,Surface,River terrace,Watson et al. 2020; Shaw et al. 2021,Robberg,,,undated,,
Umbeli Belli,UMB,-30.27461,30.68763,2,South Africa,KwaZulu-Natal,S,Indian Ocean Coastal Belt,,MSA,LSA*,,,,,,,,,,,Late MSA,Final MSA,MSA/LSA,Robberg,,,Final LSA,,Shelter,,,Cable 1984b; Bader et al. 2018; Bader et al. 2022b; Blessing et al. 2023a; Blessing et al. 2023b; Tribolo et al. 2024,final MSA,"typology, technology, raw material, miscellaneous finds",C14,OSL,"OSL/IRSL: 80-76 (GH12-11b, MSA), 54-47 (GH10, Late MSA), 40-35 (GH9-7, FMSA), 32-28 (GH5, ELSA), 21 (GH3, Robberg); C14cal: 1.0 (2AL, FLSA)",
Umhlatuzana,UMH,-29.80726,30.75575,1,South Africa,KwaZulu-Natal,S,Savanna,,MSA,LSA*,,,,,,,,SB,HP,,Late MSA,Final MSA,MSA/LSA,Robberg,Oakhurst,,Final LSA,,Shelter,,,Kaplan 1990; Lombard et al. 2010; Sifogeorgaki et al. 2020; Schmid et al. 2026,"SB, HP, late MSA, final MSA, early LSA, Robberg, Wilton","typology, technology, raw material, organic tools, symbolic artifacts, miscellaneous finds",C14,OSL,"OSL: 70.5±4.7 (RBS, L25); 60±3.5 (L22); 41.9±2.6 (L20); C14cal: 32.2 (ELSA? PBS-III), 16.1 (RBSA), 11.3 (RBS-V), 10.3 (OBSA), 2.9 (FBSA)",
Uniondale,UND,-33.26473,26.65788,3,South Africa,Eastern Cape,Y,Fynbos,,,LSA*,,,,,,,,,,,,,,,,Wilton,,Ceramic LSA,Shelter,,,Leslie-Brooker 1987; Sadr & Sampson 2006,final LSA,,C14,,"C14cal: 7.1-5.1 (Wilton), 2.1 (Ceramic)",
Varsche Rivier 003,VR3,-31.52437,18.60384,1,South Africa,Western Cape,W,Succulent Karoo,,MSA,LSA*,,,,,,,preSB,SB,HP,,Late MSA,,,,,,Final LSA,,Shelter,,,Steele et al. 2012; Steele et al. 2016; Mackay et al. 2022; Steele et al. 2023,"MSA, SB, HP, late MSA","typology, technology, raw material, miscellaneous finds, paleofauna",C14,OSL,"OSL: 90.7±0.7-88.3±3.2 (MSA); 80.8±4.6, 74.5±1.3 (SB); 61.4±3.8, 59.9±3.4 (HP), 45.7±2.8-40.4±2.9 (FMSA)",
Varsche Rivier 048,VR48,-31.52948,18.58604,1,South Africa,Western Cape,W,Succulent Karoo,,,LSA*,,,,,,,,,,,,,,,,,Final LSA,Ceramic LSA,Open,Excavated,"Surface/subsurface, river terrace",Orton 2018,ceramic LSA,,,C14,C14: 0.5,
Varskans 2,VSK,-30.50000,20.26667,3,South Africa,Northern Cape,Y,Nama-Karoo,,,LSA,,,,,,,,,,,,,,,,,,Swartkop,Open,Surface,,Beaumont et al. 1995,,,C14,,C14cal: 0.6,
Vlakkraal,VLA,-28.84828,26.07470,3,South Africa,Free State,S,Grassland,,MSA,,genMSA,,,,,,,,,,,,,,,,,,Open,Excavated,Spring,Wells et al. 1942,,"typology, technology, raw material",,undated,,
Vleesbaai,VLB,-34.21202,21.99898,1,South Africa,Western Cape,Y,Fynbos,,MSA,,genMSA,,,,,,,,,,,,,,,,,,Open,Surface/excavated,Dunefield,Oestmo et al. 2014; Smith et al. 2018,MSA,,,OSL,"OSL: 73.9±4.2, 73.4±5.2 (DYBCS); 72.5±4.3, 71.4±4.5_(LYBS2) (Area B)",
Vlermuisgat,VLM,-31.02250,22.31334,1,South Africa,Northern Cape,S,Nama-Karoo,,,LSA,,,,,,,,,,,,,,,,,,Swartkop,Shelter,,,Parsons 2008,ceramic LSA,,C14,,C14cal: 0.5-0.4,
Vo‘lvlei,VVL,-33.40005,19.06834,2,South Africa,Western Cape,W,Fynbos,,,LSA*,,,,,,,,,,,,,,,,,Final LSA,Ceramic LSA,Shelter,,,Smith et al. 1991,"final LSA, Ceramic LSA",,C14,,"C14cal: 1.8, 0.4",
Voigtspost 0,VGP0,-29.12133,25.36799,1,South Africa,Free State,S,Nama-Karoo,,MSA,LSA,genMSA,,,,,,,,,,,,,,,,,Smithfield,Open,Excavated,Pan,Horowitz et al. 1978,,,C14,,C14cal: 1.1,
Voigtspost 1,VGP1,-29.12797,25.36844,1,South Africa,Free State,S,Nama-Karoo,,,LSA*,,,,,,,,,,,,,,,Lockshoek,,,,Open,Excavated,Pan,Horowitz et al. 1978,,,C14,,C14cal: 7.2,
Volstruisfontein,VST,-31.49161,24.10929,2,South Africa,Northern Cape,S,Nama-Karoo,,,LSA,,,,,,,,,,,,,,,,,,Ceramic LSA,Shelter,,,Hart 1989; Bollong & Sampson 1996; Sadr & Sampson 2006,,,C14,,C14cal: 0.5,
Vorentoe se Pan,VSP,-30.17388,21.85360,3,South Africa,Northern Cape,S,Nama-Karoo,,MSA,,genMSA,,,,,,,,,,,,,,,,,,Open,Surface,Pan,Beaumont et al. 1995,,,,undated,,
Waterfall Bluff,WFB,-31.43467,29.82380,1,South Africa,Eastern Cape,S,Indian Ocean Coastal Belt,,MSA,LSA*,,,,,,,,,,,,MIS3 MSA?,MIS 2,Robberg?,Oakhurst,,,,Shelter,,,Fisher et al. 2020; Esteban et al. 2023,MSA,"typology, technology, raw material, organic tools",,"OSL, C14","OSL: 37.6±4.2 (Colton), 27.8±2.1 (Kate), 22.1±1.3 (Otis), 12.5±1.2, 13.3±0.7 (Otis??); C14: 32-30 (Kate), 23-21 (Otis), 22-19 (Lily), 18-14 (Chopi), 14-12 (Kuka), 11-10.7 (Courtney-Justin) (no lithics/behaviour yet related to ages)",
"Waterval, Augrabies",WAT,-28.58334,20.35280,2,South Africa,Northern Cape,S,Nama-Karoo,,,LSA,,,,,,,,,,,,,,,,,,Doornfontein,Open,Surface,,Smith 1995,,"typology, technology, raw material, miscellaneous finds",,undated,,
"Waterval, Modder River",WAM,-29.10344,26.52408,1,South Africa,Free State,S,Grassland,,MSA,LSA*,,,,,,,,preHP?,,,,,,,,Wilton,,,Open,Surface,Donga,Monteagudo et al. 2025,,,,undated,,
Welgeluk,WEL,-32.99033,26.53027,3,South Africa,Eastern Cape,Y,Albany Thicket,,,LSA*,,,,,,,,,,,,,,,,Wilton,Final LSA,,Shelter,,,Hall 1990; Hall 2000,,,,C14,C14cal: 5.1 (C14uncal: 4.56±0.07),
Wilde Als Put 2,WAP,-30.38333,23.81667,3,South Africa,Northern Cape,S,Nama-Karoo,,,LSA*,,,,,,,,,,,,,,,Oakhurst,,,,Open,Surface,Rock art,Beaumont & Vogel 1989,,,C14,,C14cal: 6.4,
Wildebeestkuil 2,WBK,-28.66667,24.65000,2,South Africa,Northern Cape,S,Savanna,,,LSA,,,,,,,,,,,,,,,,,,Ceramic LSA,Open,Excavated,Rock art,Beaumont & Vogel 1989,,,C14,,C14cal: 1.7-1.1,
Wilton Large Rock Shelter,WLR,-33.32791,26.13947,2,South Africa,Eastern Cape,Y,Fynbos,,,LSA*,,,,,,,,,,,,,,,Oakhurst,Wilton,Final LSA,,Shelter,,,Deacon 1972,"Oakhurst, Wilton, final LSA",,C14,,"C14cal: 9.4 (Oakhurst), 5.5 (Wilton), 2.2 (FLSA)",
Winterdraai/Fairview,WIF,-28.88095,25.47467,2,South Africa,Free State,S,Grassland,,,LSA*,,,,,,,,,,,,,,Robberg?,,Wilton,,,Open,Surface,Donga,Monteagudo et al. 2025,,,,undated,,
Witklip,WKP,-32.91850,17.98500,2,South Africa,Western Cape,W,Fynbos,,,LSA*,,,,,,,,,,,,,,,,,Final LSA,Ceramic LSA,Shelter,,,Smith et al. 1991,ceramic LSA,,C14,,"C14cal: 3.2, 1.7-1.2. 0.5-0.4",
Witkrans Cave,WIT,-27.62357,24.62740,2,South Africa,North West,S,Savanna,,MSA,LSA*,,,,,,Early MSA,,,,,,,,,,Wilton,,,Shelter,,,Clark 1971; Beaumont & Morris 1990,,"typology, technology, raw material, miscellaneous finds",,undated,Infinite C14,
Witsand,WTS,-28.53333,22.48333,2,South Africa,Northern Cape,S,Savanna,,,LSA*,,,,,,,,,,,,,,,,Wilton,,Ceramic LSA,Open,Surface,Dune,Beaumont & Morris 1990; Morris 1990d,,,C14,,C14cal: 0.4-0.1,
Wolfkraal,WOL,-30.35713,17.96932,3,South Africa,Northern Cape,W,Succulent Karoo,,MSA,LSA*,genMSA,,,,,,,,,,,,,,Oakhurst?,,,Ceramic LSA,Shelter,,,Webley 1984; Webley 1992,,,,undated,,
Wonderboom,WON,-25.69297,28.20250,1,South Africa,Gauteng,S,Savanna,ESA,,,,,,Acheulean,,,,,,,,,,,,,,,Open,Excavated,Colluvial hill rubble,Mason 1957; Lotter et al. 2021,,,,undated,,
Wonderkrater,WKR,-24.43872,28.75095,1,South Africa,Limpopo,S,Savanna,,MSA,,,,,,,Early MSA,,,,,,Final MSA,,,,,,,Open,Excavated,Spring/peat mound,Backwell et al. 2014,"MSA, final MSA","typology, technology, raw material, miscellaneous finds",,OSL,"OSL:  138.01±7.7, >45, 30.8±0.7",
Wonderwerk,WWK,-27.84646,23.55408,1,South Africa,Northern Cape,S,Savanna,ESA,MSA,LSA*,,,Oldowan,Acheulean,Fauresmith,Early MSA,,,,,,,,Robberg,Oakhurst,Wilton,Final LSA,Ceramic LSA,Shelter,,,Butzer et al. 1978; Humphreys & Thackeray 1983; Vogel et al. 1986; Beaumont & Morris 1990; Chazan et al. 2008; Herries 2011;  Lee-Thorp & Ecker 2015; Pickering 2015; Ecker et al. 2017; Chazan et al. 2020; Shaar et al. 2021,"Oldowan, Acheulean, Fauresmith, early MSA, MSA, Oakhurst, Wilton, ceramic LSA","typology, technology, raw material, miscellaneous finds, feature",C14,"PM, US, TL, OSL","PM: 1.93-1.77 Ma (Oldowan), 1.22-1.07 Ma (Acheulean); US: 1.2-0.8 Ma (ESA); TL: 182-118 (EMSA), OSL: 238-153 (EMSA); AMS/C14cal: 14.5-10.1 (Stratum 5), 11.8-11.5 (Str4d), 8.6-6.8, 5.8 (Str4c), 6.7-5.9 (Str4b), 6.1-4.7 (Str4a), 4.4-3.0 (Str3b), 2.3-1.8 (Str3a), 1.1 (Str2b)",
Woodstock Rocks,WRO,-24.04778,27.80417,1,South Africa,Limpopo,S,Savanna,ESA,MSA,LSA*,genMSA,genLSA,,Acheulean,,,,,,,,,,,,,,,Open,Excavated,Cliff terrace,Wadley et al. 2023,,,,PM,PM: >780,
Wortel middens,WRT,-23.07180,14.45023,2,Namibia,Erongo,S,Desert,,,LSA,,,,,,,,,,,,,,,,,,Ceramic LSA,Open,Excavated,Shell midden,Vogel & Visser 1981; Burgess & Jacobson 1984,,,C14,,C14cal: 0.4-0.2,
Ysterfontein 1,YFT,-33.34751,18.15138,1,South Africa,Western Cape,W,Fynbos,,MSA,,,,,,,,MIS5 MSA,,,,,,,,,,,,Open?,Excavated,Shell midden (collapsed shelter),Avery et al. 2008; Wurz 2012; Niespolo et al. 2021,,"typology, technology, raw material, miscellaneous finds",,U-Th,U-Th: 119.9-113.1,
Zaayfontein,ZYF,-30.63359,25.46385,2,South Africa,Northern Cape,S,Grassland,,,LSA*,,,,,,,,,,,,,,,,,Final LSA,Ceramic LSA,Shelter,,,Sampson 1967b; Sampson 1970; Bollong et al. 1993,,,C14,,"C14cal: 4.3-3.5, 0.9-0.4",
Zebra River Shelter,ZBR,-24.48321,16.26548,3,Namibia,Hardap,S,Nama-Karoo,,MSA,LSA*,genMSA,,,,,,,,,,,,,,Oakhurst,,,,Shelter,,,Wendt 1972; Vogel & Visser 1981,,"typology, technology, raw material, miscellaneous finds",C14,,C14cal: 13.7,
Zeekoegat 12/13,Z12,-30.69915,25.77166,2,South Africa,Free State,S,Nama-Karoo,,,LSA*,,,,,,,,,,,,,Early LSA?,,Oakhurst,Wilton,,,Open,Excavated,River terrace,Sampson 1967c; Sampson 1968,,,,undated,,
Zeekoegat 27/27a,Z27,-30.70215,25.77591,2,South Africa,Free State,S,Nama-Karoo,,MSA,LSA*,genMSA,,,,,,,,,,,,Early LSA?,,,,,,Open,Excavated,River terrace,Sampson 1968,,,,undated,,
Zoovoorbij,ZVB,-28.64498,20.97842,1,South Africa,Northern Cape,S,Nama-Karoo,,MSA,LSA*,genMSA,,,,,,,,,,,,,,,,Springbokoog,,Shelter,,,Beaumont et al. 1995; Smith 1995,,,C14,,"C14cal: 4.6 (L9a), 3.6 (L8), 2.9 (L7-2)",